Temperature,Humidity,Moisture,pH,Soil Type,Tea Type,Nitrogen,Potassium,Phosphorous,Size of land,Kilos Produced,Number of Bushes,Fertilizer Name
27,63,54,8.094482008789102,Clay,Green,49,17,22,17,1314,1036,NPK 20-20-10
25,67,58,8.350459155925364,Sandy,Green,42,25,10,13,839,619,NPK 5-10-5
24,64,53,7.352024622196076,Clay,Green,36,32,18,17,528,974,NPK 5-10-5
27,72,56,7.854734143381315,Sandy,Green,32,29,15,14,1011,953,Organic
30,71,62,5.207680545316079,Clay,Green,45,24,16,20,1220,1440,NPK 20-20-10
22,80,56,5.946930248699211,Loam,Green,38,29,7,20,1476,1009,NPK 20-20-10
20,60,67,5.335163468548746,Clay,Green,40,38,27,10,816,617,Organic
20,74,63,6.367233187072051,Clay,Black,50,27,15,6,815,580,NPK 5-10-5
23,64,66,6.316498922525021,Sandy,Green,30,32,15,13,1137,1387,NPK 5-10-5
21,71,56,6.721639930139793,Clay,Black,40,18,16,16,1500,1241,Organic
20,63,59,8.452231370776413,Loam,Green,37,19,9,12,1456,807,NPK 20-20-10
21,71,59,6.844633205708378,Sandy,Black,29,38,6,14,791,1190,Organic
27,62,66,6.999516131878195,Sandy,Oolong,39,22,17,14,888,1444,Organic
26,68,67,4.933071596420354,Sandy,Green,29,25,24,9,654,1297,NPK 20-20-10
26,73,59,6.065144852730688,Sandy,Black,38,23,11,10,1366,595,NPK 20-20-10
23,70,53,4.54352912306844,Sandy,Oolong,41,23,20,20,673,839,NPK 20-20-10
29,72,57,7.719219328926187,Sandy,Oolong,28,38,24,18,741,1132,NPK 5-10-5
20,72,67,4.685495100123555,Sandy,Green,36,36,14,6,686,1360,Organic
28,80,50,6.926985644195944,Loam,Green,39,15,26,5,669,987,NPK 20-20-10
24,61,58,6.192420990362782,Clay,Black,26,17,20,5,1054,749,NPK 5-10-5
21,73,62,5.372828199970384,Loam,Green,47,17,5,10,1238,785,NPK 5-10-5
29,62,61,5.3816798047225785,Sandy,Green,48,27,27,9,656,536,NPK 5-10-5
29,60,60,6.515126989040035,Clay,Oolong,34,24,19,7,1021,1083,NPK 20-20-10
25,60,55,7.721660057859562,Loam,Green,35,22,19,15,1408,1331,Organic
25,60,67,6.895259415421725,Sandy,Black,41,16,9,20,1410,632,NPK 5-10-5
28,62,68,8.450443180391396,Sandy,Oolong,30,25,20,9,992,1025,NPK 20-20-10
22,69,56,7.734006423542669,Sandy,Black,35,19,27,14,962,558,NPK 20-20-10
20,70,62,8.196316458613083,Clay,Oolong,28,24,5,8,936,1094,NPK 20-20-10
22,80,53,4.7895978671441,Loam,Oolong,34,27,18,6,980,832,Organic
23,78,57,4.9953651381883795,Clay,Green,33,21,19,12,1393,897,Organic
20,65,67,4.515597078171163,Clay,Oolong,25,31,5,11,1289,586,NPK 5-10-5
29,71,57,5.887791222852055,Loam,Black,31,39,23,17,777,607,NPK 5-10-5
27,64,62,7.075987414755177,Sandy,Black,42,30,21,10,1189,1229,Organic
29,71,58,6.050397195296828,Loam,Oolong,42,29,26,11,1264,515,NPK 5-10-5
20,65,68,8.115915932240503,Clay,Black,50,25,13,15,763,1399,NPK 5-10-5
23,70,59,7.461948913400311,Loam,Oolong,41,21,22,19,1306,1232,Organic
21,76,67,8.401154787747195,Clay,Oolong,28,40,28,13,1139,768,NPK 20-20-10
29,72,63,4.659632182186747,Loam,Oolong,43,29,18,14,1000,849,Organic
29,66,66,7.287915762373508,Clay,Green,35,36,14,10,764,1050,NPK 5-10-5
27,76,60,6.4478918904560825,Sandy,Oolong,41,27,10,7,1102,1454,NPK 20-20-10
30,79,61,4.727744082435333,Loam,Oolong,47,31,7,18,1444,807,Organic
29,71,55,6.8735967199773915,Clay,Black,46,26,14,7,1312,831,NPK 20-20-10
25,80,53,7.69059127422751,Clay,Black,45,32,30,16,856,617,Organic
20,79,58,5.4277236111462335,Sandy,Black,33,20,24,14,896,799,NPK 5-10-5
30,72,62,8.32108083733639,Loam,Oolong,25,35,23,17,1196,532,NPK 5-10-5
24,67,67,4.546195410000287,Sandy,Black,49,37,26,7,1007,1112,NPK 5-10-5
30,77,64,5.514931100294675,Clay,Black,33,38,18,14,1177,1392,Organic
30,69,70,6.098500476743784,Sandy,Green,39,15,20,19,540,1273,NPK 20-20-10
25,79,58,8.343985896301536,Clay,Oolong,30,21,9,15,881,891,Organic
20,72,56,4.684294710471502,Clay,Oolong,28,15,30,14,985,1469,NPK 20-20-10
30,67,68,5.703731922210549,Clay,Black,30,28,6,16,689,989,NPK 20-20-10
20,73,53,6.861420890250754,Sandy,Green,42,36,27,15,919,1152,NPK 5-10-5
30,74,52,5.929651766890048,Sandy,Green,28,27,21,18,600,691,NPK 5-10-5
24,73,52,6.999344566693781,Clay,Black,27,27,17,14,540,1195,NPK 5-10-5
27,65,55,6.827326778122934,Sandy,Green,25,37,20,17,1158,653,NPK 20-20-10
26,78,59,5.885444532786132,Loam,Green,26,21,5,8,1152,621,NPK 5-10-5
28,66,50,6.611280606183662,Sandy,Black,28,31,26,14,1037,672,Organic
29,66,55,6.671296809850206,Sandy,Oolong,36,18,24,10,1245,949,NPK 20-20-10
25,66,60,6.623312362181654,Sandy,Oolong,35,27,23,11,1055,726,NPK 5-10-5
20,60,52,6.968428166925644,Sandy,Black,37,38,22,7,537,612,NPK 5-10-5
29,62,61,6.440893526671269,Loam,Black,34,38,18,20,981,675,NPK 5-10-5
25,78,58,8.055445773906557,Sandy,Oolong,34,35,24,6,545,510,NPK 20-20-10
24,65,64,7.877921571370449,Loam,Black,48,34,27,6,1487,590,NPK 20-20-10
30,75,70,7.347722698218032,Loam,Black,33,29,20,12,1426,1080,Organic
21,71,64,5.0744590641914025,Loam,Oolong,43,33,7,9,757,616,Organic
28,71,56,6.971279237139424,Clay,Green,37,38,25,6,1250,1357,Organic
25,64,53,4.5827579506296345,Clay,Green,43,17,6,18,1253,569,NPK 20-20-10
29,79,60,5.998899595967487,Loam,Oolong,39,29,26,17,702,950,NPK 20-20-10
21,65,53,6.584231918083759,Loam,Green,40,38,23,16,578,905,NPK 5-10-5
20,64,51,7.737090912844515,Loam,Black,41,33,18,13,1197,1488,Organic
26,78,62,6.772119922652234,Loam,Green,39,23,28,8,1271,797,Organic
21,71,70,7.73849371916505,Sandy,Oolong,37,38,6,11,937,1142,NPK 5-10-5
29,76,53,6.667335980126097,Loam,Black,47,32,26,16,1490,815,NPK 5-10-5
29,70,61,8.298397089581236,Loam,Oolong,48,36,22,10,1145,1428,NPK 20-20-10
29,63,66,7.064447573014946,Loam,Oolong,26,22,9,16,1384,1465,NPK 20-20-10
22,61,53,4.5219426629837365,Sandy,Green,31,29,8,10,880,1186,Organic
24,79,59,7.054191207614181,Loam,Oolong,26,22,30,15,892,849,NPK 5-10-5
23,72,52,4.98564305438631,Clay,Black,30,21,28,9,1125,928,NPK 5-10-5
26,77,63,5.2274286669292405,Sandy,Green,29,30,15,15,591,649,Organic
29,67,52,7.959627424981475,Loam,Oolong,41,19,9,20,1307,1290,NPK 20-20-10
24,76,50,5.328752666500726,Clay,Black,34,16,9,7,1120,1398,NPK 20-20-10
25,78,70,6.322244037866688,Loam,Green,26,39,14,15,540,697,Organic
24,71,66,5.314934573894549,Loam,Oolong,27,31,8,10,551,1238,NPK 20-20-10
24,61,61,8.237862296164291,Clay,Black,35,39,10,12,737,983,Organic
23,60,66,5.9879754991179635,Clay,Oolong,29,24,14,13,1375,721,NPK 5-10-5
27,67,51,6.4021968816934045,Loam,Black,30,18,22,14,571,876,NPK 20-20-10
21,70,67,5.731608220967795,Clay,Oolong,32,29,23,5,710,928,NPK 20-20-10
26,79,55,7.549107592765006,Sandy,Oolong,41,16,20,6,522,1196,Organic
27,66,67,4.805415524784424,Loam,Black,39,24,15,11,691,815,Organic
27,77,60,6.631258845297723,Loam,Black,28,18,17,20,726,698,NPK 5-10-5
27,65,60,5.827855209552641,Clay,Black,25,22,9,14,1322,1346,NPK 20-20-10
27,76,64,6.795925395262397,Clay,Green,47,36,24,14,1261,505,NPK 20-20-10
22,77,53,8.40714800209675,Clay,Black,49,19,10,8,1004,1385,NPK 5-10-5
20,71,69,6.060623663706675,Sandy,Green,48,35,8,13,854,1339,NPK 5-10-5
20,66,54,4.918095625056722,Sandy,Black,34,31,24,10,1294,596,NPK 20-20-10
29,64,68,8.234885447272122,Sandy,Green,40,20,30,16,811,1234,Organic
20,77,68,6.329684127644336,Sandy,Black,32,38,25,19,929,851,NPK 20-20-10
26,73,66,5.743213877119484,Sandy,Oolong,35,26,26,18,785,1430,NPK 5-10-5
29,61,70,5.877881031795756,Loam,Black,45,23,9,19,1092,1282,NPK 5-10-5
26,77,62,7.472980899582177,Sandy,Oolong,35,27,29,6,914,655,NPK 5-10-5
28,64,54,8.291496887609648,Loam,Black,37,15,17,7,1461,728,NPK 5-10-5
20,70,55,6.719157481164893,Clay,Black,33,16,21,7,695,618,NPK 5-10-5
20,77,51,6.522702947737525,Clay,Black,40,36,21,8,1082,1054,NPK 20-20-10
28,62,69,7.182753126058998,Sandy,Black,50,34,28,8,896,1112,NPK 20-20-10
27,63,60,5.684782106287221,Sandy,Oolong,33,17,10,17,1125,784,NPK 20-20-10
20,60,60,6.802158422986778,Sandy,Green,35,25,30,12,999,1483,Organic
26,74,56,5.41889082235279,Clay,Green,39,24,30,7,532,654,NPK 5-10-5
28,69,67,7.16641528397777,Clay,Black,44,22,15,8,1150,1306,Organic
25,76,70,5.314124136523333,Clay,Black,40,25,29,18,1058,580,NPK 5-10-5
24,64,54,5.558401835215851,Loam,Oolong,44,31,30,6,1308,1378,NPK 5-10-5
25,79,55,6.441744317374767,Loam,Green,40,39,14,15,1139,1324,NPK 5-10-5
25,80,67,6.4976177210357395,Sandy,Green,28,26,5,11,728,838,NPK 20-20-10
23,71,51,4.743036853985228,Sandy,Oolong,40,30,29,15,1431,707,NPK 20-20-10
28,64,63,8.197881118313257,Loam,Oolong,29,21,23,19,1439,1270,NPK 20-20-10
20,76,54,6.920866097146224,Sandy,Black,50,23,8,20,1492,1325,NPK 20-20-10
28,78,58,4.71473054956469,Sandy,Oolong,48,25,9,11,694,1365,Organic
25,62,64,6.327664328772407,Sandy,Oolong,40,33,26,14,1317,534,NPK 20-20-10
27,71,53,7.199856748601285,Loam,Green,40,25,6,19,1356,693,Organic
30,66,69,6.734856880707627,Sandy,Green,50,16,23,12,681,889,Organic
25,64,63,5.262334129104744,Sandy,Oolong,34,29,26,16,1327,546,NPK 5-10-5
25,65,57,5.879166632761233,Loam,Oolong,28,21,26,18,1403,1293,NPK 5-10-5
22,72,67,4.915768173540318,Sandy,Black,39,27,24,13,937,1022,NPK 20-20-10
25,65,62,8.417833152261649,Clay,Green,26,25,26,7,1401,788,Organic
26,73,54,6.303702454707427,Clay,Oolong,26,18,27,5,828,1449,Organic
28,73,54,6.825333231816575,Loam,Black,45,15,23,18,1101,666,Organic
28,68,68,7.384522359817092,Sandy,Black,45,40,10,15,1380,1076,Organic
26,80,65,5.710780253136735,Clay,Oolong,43,38,18,8,563,1212,Organic
24,70,56,5.440353212335571,Sandy,Oolong,36,29,13,6,1496,941,NPK 20-20-10
28,64,53,7.588592869333249,Sandy,Green,50,27,16,9,1122,532,NPK 5-10-5
29,77,56,6.763685840408442,Loam,Oolong,48,17,10,17,1078,581,NPK 5-10-5
27,62,65,8.293312540982042,Clay,Black,31,22,22,13,791,1286,NPK 20-20-10
26,78,66,6.092665585120353,Sandy,Oolong,46,24,23,12,776,1411,NPK 20-20-10
26,78,66,7.9180035081958335,Clay,Black,34,36,16,14,1479,1323,Organic
20,65,53,6.054837790355061,Clay,Oolong,45,17,26,15,1216,579,NPK 5-10-5
28,70,56,5.948470403089821,Clay,Green,26,38,27,20,638,823,Organic
23,75,60,6.514664817654312,Sandy,Green,26,28,20,6,1229,1050,NPK 20-20-10
27,70,61,7.439609698452021,Sandy,Black,29,24,26,20,1332,1370,NPK 20-20-10
24,73,56,4.665532026030672,Sandy,Black,36,38,30,10,1099,1148,NPK 20-20-10
29,79,62,5.444555673149771,Loam,Green,46,17,12,15,1116,564,NPK 5-10-5
21,65,63,4.99225726902492,Clay,Oolong,43,35,10,15,1416,526,NPK 5-10-5
30,62,68,8.173274800111704,Loam,Black,45,30,8,14,1060,908,NPK 20-20-10
22,76,65,8.200893501102065,Loam,Oolong,33,24,17,15,1108,626,NPK 20-20-10
29,65,50,7.83414723695534,Sandy,Black,45,35,15,12,1071,571,Organic
27,68,66,8.080517775227142,Sandy,Green,40,36,17,7,1045,554,Organic
20,67,55,6.569282642918003,Loam,Green,42,16,18,13,521,697,NPK 5-10-5
24,61,56,4.753149758090296,Sandy,Black,35,38,25,6,900,798,NPK 5-10-5
27,75,61,4.528732533586377,Clay,Green,26,38,27,18,1129,684,Organic
27,71,54,5.119483407856276,Clay,Black,37,22,27,9,650,1433,NPK 20-20-10
30,64,50,6.010476388427956,Sandy,Black,27,26,11,14,1233,526,NPK 20-20-10
27,76,69,6.280732897511146,Loam,Green,31,21,25,10,581,1102,NPK 5-10-5
24,67,67,7.503808430555138,Sandy,Green,50,22,16,9,770,667,NPK 20-20-10
23,72,70,8.159102107307412,Loam,Oolong,47,32,9,11,613,927,NPK 20-20-10
21,71,62,8.285053801290799,Clay,Black,32,22,7,16,1160,811,Organic
21,60,51,6.818430891704429,Clay,Oolong,42,30,30,9,735,962,NPK 5-10-5
29,60,63,7.17887203025912,Sandy,Oolong,50,40,22,13,630,1015,Organic
21,67,63,8.286842699842198,Clay,Green,32,39,23,12,816,871,NPK 20-20-10
22,77,60,4.604845200682144,Loam,Black,46,30,13,15,1048,1016,NPK 5-10-5
23,70,53,6.424488486529386,Loam,Oolong,41,29,9,12,1273,654,NPK 20-20-10
28,67,69,6.240041131593179,Clay,Black,41,19,17,19,980,529,NPK 20-20-10
26,68,61,7.160811887436097,Loam,Green,44,38,24,6,832,1028,NPK 20-20-10
24,74,68,5.765415738559034,Loam,Black,40,39,9,12,592,1453,NPK 5-10-5
27,74,68,5.2331898725700565,Sandy,Green,34,30,19,14,1382,1259,Organic
27,65,66,6.249638595751089,Sandy,Green,25,31,13,17,1168,960,NPK 20-20-10
22,79,55,7.415251699806319,Clay,Oolong,48,21,5,17,589,1268,NPK 20-20-10
25,70,66,8.256264272159925,Clay,Oolong,30,15,13,13,1487,1371,NPK 20-20-10
26,66,67,4.644546207835452,Sandy,Black,50,20,13,7,526,959,NPK 20-20-10
20,70,66,5.155491926456824,Loam,Oolong,45,31,10,19,1081,1210,Organic
24,76,56,5.640300110563977,Sandy,Black,36,19,30,14,529,738,Organic
22,75,50,5.516245368717257,Loam,Green,37,26,12,7,857,571,NPK 5-10-5
26,76,67,5.0698770032740965,Sandy,Oolong,35,37,18,13,1461,1345,NPK 5-10-5
30,74,52,6.022782512751547,Loam,Green,33,18,13,10,1229,798,NPK 20-20-10
29,76,67,5.434493743024635,Sandy,Oolong,29,15,21,9,1112,1118,NPK 20-20-10
23,68,69,4.760712562003462,Loam,Black,27,32,5,18,1268,1260,Organic
28,61,67,5.70232730049865,Loam,Oolong,41,38,14,18,669,1056,NPK 20-20-10
29,75,67,6.945463477891271,Loam,Black,41,22,20,15,1228,1090,NPK 20-20-10
26,74,53,5.255766919406996,Sandy,Green,39,22,24,13,835,616,NPK 5-10-5
30,67,59,5.665322796811635,Clay,Black,43,19,23,12,846,591,NPK 5-10-5
26,66,58,7.025609202433966,Sandy,Black,25,38,11,7,633,774,NPK 5-10-5
27,75,54,8.030713959749225,Loam,Black,45,16,11,6,999,1287,Organic
25,61,55,5.295452975942065,Loam,Oolong,48,26,20,5,1349,652,NPK 20-20-10
20,65,63,4.548801431182319,Clay,Black,37,28,25,9,947,1361,NPK 20-20-10
28,78,67,4.739237647110869,Loam,Oolong,37,35,5,6,1430,1141,NPK 5-10-5
21,64,66,6.322137461195542,Sandy,Green,31,22,11,11,1421,989,NPK 20-20-10
26,79,65,7.007478450355581,Sandy,Black,36,38,10,18,965,781,NPK 5-10-5
29,73,70,8.135327261937999,Sandy,Oolong,49,21,5,6,593,1425,NPK 20-20-10
23,63,56,8.014139221359262,Clay,Oolong,49,28,23,5,925,1033,Organic
27,62,69,5.416155714896655,Loam,Oolong,27,22,19,16,940,611,Organic
20,70,56,5.389574619489457,Sandy,Black,29,28,29,19,1258,905,NPK 20-20-10
30,79,65,8.24484046511703,Clay,Black,50,40,19,17,1483,636,NPK 20-20-10
30,62,53,5.163105046110669,Clay,Green,38,15,17,12,845,1133,NPK 5-10-5
29,78,70,6.248024315394636,Clay,Black,44,37,29,18,937,1457,NPK 20-20-10
25,66,59,6.841317753008381,Sandy,Green,42,31,18,18,1009,1067,NPK 20-20-10
24,73,60,5.438003856531201,Loam,Oolong,45,27,15,13,521,1472,NPK 20-20-10
25,79,57,5.461401073599301,Sandy,Black,34,17,30,8,1457,1098,NPK 20-20-10
29,67,68,7.741146487328254,Loam,Green,25,16,22,15,525,675,NPK 20-20-10
26,76,54,7.855730886351045,Loam,Black,35,21,30,9,1456,916,Organic
28,75,61,6.347163677179573,Loam,Black,39,19,21,9,701,875,NPK 20-20-10
27,69,65,6.576874817872229,Sandy,Black,39,15,24,6,1169,660,NPK 5-10-5
23,76,61,5.923796982134856,Clay,Oolong,46,21,25,14,599,567,NPK 20-20-10
24,73,55,5.800442862679375,Loam,Green,47,17,30,7,759,1068,NPK 20-20-10
22,74,67,4.58142031551111,Sandy,Green,45,24,15,17,1090,1011,NPK 20-20-10
29,77,57,5.827879955708747,Clay,Oolong,36,21,18,5,1286,1446,Organic
22,60,61,7.581050940440105,Sandy,Oolong,42,29,7,5,1332,573,NPK 20-20-10
27,61,64,6.621031077827173,Clay,Black,29,36,26,20,678,997,Organic
20,70,60,5.618672220496211,Clay,Black,47,24,16,19,1091,1090,NPK 20-20-10
20,70,62,7.5521773750458365,Sandy,Black,41,22,20,11,799,659,NPK 5-10-5
28,77,62,5.716402044954966,Loam,Oolong,35,20,23,12,933,749,NPK 20-20-10
25,77,50,6.624545529010989,Loam,Green,42,19,13,18,776,932,NPK 5-10-5
25,64,64,7.90586046846793,Loam,Oolong,35,40,26,17,1211,505,NPK 20-20-10
21,62,56,6.916604786551719,Sandy,Green,40,16,22,5,862,1238,NPK 5-10-5
27,75,55,6.973851578909696,Sandy,Green,28,22,26,11,1106,1340,Organic
21,70,63,6.4274197499314685,Clay,Black,28,26,22,11,850,1024,Organic
22,73,68,6.624287934478607,Loam,Black,29,38,27,16,799,1179,NPK 20-20-10
24,75,65,6.629394225155272,Loam,Black,49,35,15,19,1342,637,NPK 5-10-5
20,73,55,5.090670276309371,Sandy,Black,28,21,29,19,1044,1013,NPK 20-20-10
29,70,56,5.153374245841201,Sandy,Green,45,23,8,11,1107,1127,NPK 5-10-5
29,67,68,6.365729154870124,Sandy,Black,47,34,5,20,594,936,NPK 5-10-5
21,62,54,8.104469618027316,Sandy,Black,37,28,5,15,1418,935,NPK 20-20-10
27,71,58,6.795612357903387,Clay,Black,31,19,11,14,596,1311,NPK 5-10-5
27,79,70,5.677189755259958,Clay,Oolong,37,31,27,8,1072,1117,Organic
26,78,60,5.83973770939398,Sandy,Black,28,32,6,12,792,616,Organic
21,76,51,6.940133163176036,Loam,Black,26,30,14,6,781,1141,NPK 5-10-5
29,60,56,6.434159894907195,Loam,Oolong,25,39,27,20,1054,973,Organic
23,79,59,4.732757742013513,Clay,Green,43,22,18,10,916,946,NPK 5-10-5
24,72,54,6.940570630647501,Loam,Oolong,38,22,16,20,968,675,NPK 20-20-10
21,66,67,6.938333181997535,Sandy,Oolong,30,26,28,10,930,1200,Organic
21,75,55,5.526796620729831,Loam,Black,30,24,10,9,1022,1047,NPK 5-10-5
20,63,51,5.749096982069935,Sandy,Oolong,49,35,29,20,1384,628,Organic
26,74,56,5.67040800646268,Sandy,Green,39,37,12,14,824,716,NPK 20-20-10
28,72,58,7.468966889427392,Clay,Black,39,17,18,11,780,632,Organic
28,80,60,8.217600866728839,Loam,Green,44,35,30,16,1454,565,Organic
29,74,66,8.312058712936043,Clay,Black,47,32,6,7,1049,1313,Organic
29,60,66,7.846099092182829,Clay,Black,40,20,22,17,1424,1146,Organic
27,69,64,7.79414093997001,Clay,Black,43,29,20,9,1198,791,Organic
23,75,63,4.802174723459061,Clay,Black,27,16,6,14,1231,537,NPK 5-10-5
25,77,57,4.853830406653961,Sandy,Oolong,46,20,10,10,1016,1490,Organic
27,71,60,5.363249094306133,Loam,Oolong,34,22,9,20,1311,1290,NPK 20-20-10
20,77,69,6.7714873743325725,Sandy,Black,36,24,16,11,1053,738,Organic
22,61,50,7.269441151320004,Sandy,Black,26,36,26,15,1071,1043,Organic
23,73,67,5.398854188708498,Clay,Black,34,30,24,9,1008,1239,Organic
21,77,66,6.922000395434074,Sandy,Oolong,30,22,16,12,1341,1455,NPK 5-10-5
27,80,58,7.371051085607333,Loam,Green,32,17,17,10,1355,714,NPK 20-20-10
28,66,58,5.498912972758022,Clay,Black,45,21,16,6,752,781,Organic
27,68,62,4.8497669030789385,Loam,Green,29,18,15,15,711,922,Organic
22,79,51,8.373340632056165,Clay,Black,31,28,23,6,1357,1203,NPK 5-10-5
30,78,64,6.760815764818116,Loam,Black,40,30,21,16,1361,582,NPK 20-20-10
20,79,66,4.994724513043039,Clay,Green,32,21,18,20,1022,668,Organic
29,77,59,6.450957981285852,Loam,Green,36,29,11,14,817,586,Organic
22,63,63,5.598341493486279,Sandy,Oolong,50,30,27,9,643,1080,Organic
24,64,57,6.249283901516929,Clay,Oolong,40,20,28,16,971,1280,NPK 20-20-10
28,74,55,7.368879452799392,Loam,Oolong,50,15,22,11,723,659,Organic
26,77,69,6.196722725030854,Clay,Green,29,34,7,17,709,559,Organic
26,78,56,5.468483771550778,Loam,Black,49,30,19,5,843,1500,NPK 5-10-5
27,67,56,7.083398577477105,Clay,Oolong,25,34,16,15,1351,1306,NPK 20-20-10
28,63,70,8.181503681911991,Loam,Green,36,17,10,11,1131,978,NPK 5-10-5
26,65,56,5.802080705306769,Loam,Black,40,24,30,17,679,887,Organic
23,74,68,5.614197380435245,Loam,Oolong,34,16,5,9,727,953,NPK 20-20-10
25,61,68,4.623533447367864,Loam,Green,33,17,12,8,554,893,Organic
23,64,53,4.939917390186626,Sandy,Green,49,29,15,10,983,1482,Organic
28,78,65,8.295452372058298,Loam,Oolong,46,27,7,15,679,1264,NPK 5-10-5
23,71,68,6.959360820517495,Clay,Green,46,33,9,20,1265,1053,NPK 5-10-5
28,78,51,6.123619352089435,Loam,Black,46,24,16,17,571,1296,NPK 20-20-10
22,62,59,5.485197644699438,Clay,Black,28,38,9,17,1406,664,NPK 5-10-5
22,60,57,5.612849238573829,Clay,Oolong,27,36,22,15,539,602,Organic
28,60,55,6.4321655100308295,Clay,Green,30,35,27,20,1072,913,NPK 5-10-5
29,70,63,7.14779033343518,Sandy,Black,48,28,13,14,770,1283,Organic
25,75,54,6.008447887583959,Loam,Oolong,42,22,29,9,943,1060,Organic
20,77,56,4.71718999362043,Sandy,Oolong,36,31,10,11,1203,1419,Organic
25,64,61,4.9273963718457425,Loam,Green,26,33,19,16,621,1195,Organic
23,72,57,5.70739574439357,Loam,Oolong,44,26,26,12,1312,560,NPK 20-20-10
23,61,59,6.98675114188284,Clay,Oolong,45,24,29,10,1434,1433,NPK 20-20-10
24,68,66,6.481670860706632,Sandy,Oolong,28,16,9,8,644,1452,NPK 20-20-10
21,77,61,6.036964529452855,Clay,Oolong,40,18,10,7,511,688,NPK 5-10-5
25,66,59,8.007056660310154,Clay,Black,27,33,12,18,988,1174,Organic
26,71,52,8.033676057907083,Sandy,Black,40,37,22,10,1076,857,Organic
26,69,63,6.438553360974854,Clay,Oolong,26,17,24,8,822,679,NPK 5-10-5
30,73,51,7.7545285118519205,Sandy,Green,48,37,21,9,1077,672,Organic
20,65,64,8.450870099328082,Clay,Green,31,33,8,10,644,1442,NPK 5-10-5
25,79,62,8.203753216364543,Sandy,Green,32,33,28,16,1241,940,NPK 20-20-10
23,67,68,6.028085835202509,Loam,Black,47,21,15,16,543,811,NPK 20-20-10
20,68,63,7.217470052600745,Clay,Oolong,35,38,16,9,873,1161,NPK 5-10-5
26,60,70,6.34658017746851,Loam,Oolong,27,40,22,16,1002,670,Organic
21,79,64,7.008240282367806,Loam,Black,36,33,19,6,1211,739,NPK 5-10-5
23,78,61,7.728941558814869,Sandy,Oolong,25,26,15,13,1319,536,NPK 20-20-10
27,77,66,7.710933980304891,Clay,Oolong,25,34,23,6,1111,1248,NPK 20-20-10
25,64,61,8.222872971256713,Sandy,Oolong,48,37,8,12,1090,829,NPK 20-20-10
27,61,51,4.890675610875881,Loam,Green,38,38,22,17,1482,1122,NPK 5-10-5
26,60,53,6.578430508403978,Sandy,Oolong,31,23,6,19,1475,1485,Organic
24,73,59,4.630802663056835,Sandy,Black,28,16,30,20,1215,1072,NPK 20-20-10
25,63,61,7.461981597082659,Clay,Black,28,28,11,18,1181,1389,NPK 20-20-10
30,79,50,8.351676692546773,Sandy,Oolong,31,27,10,5,1259,845,NPK 20-20-10
21,78,62,7.8433238408812915,Sandy,Green,29,34,16,17,1159,1088,NPK 20-20-10
30,64,58,4.622372262336048,Loam,Green,39,19,27,8,561,841,NPK 20-20-10
30,75,52,6.701266416742747,Clay,Black,43,26,11,7,1208,976,NPK 5-10-5
26,77,50,7.1145468937368435,Sandy,Black,40,32,23,7,684,1321,Organic
24,76,55,7.335335566144269,Clay,Oolong,44,26,17,7,654,586,NPK 5-10-5
23,78,54,7.749480981346977,Loam,Green,26,33,14,20,812,634,NPK 5-10-5
27,67,63,7.968358601705676,Clay,Oolong,40,25,24,17,1160,1246,NPK 20-20-10
29,77,59,7.4792133629927005,Clay,Green,50,18,26,16,677,794,Organic
28,62,50,5.418396836259763,Sandy,Green,35,19,10,14,1364,517,Organic
25,77,62,8.494921962553342,Loam,Oolong,34,18,10,14,1177,737,Organic
28,78,65,6.8843975580886445,Loam,Green,43,25,14,10,875,786,NPK 5-10-5
28,73,55,8.020204285730262,Clay,Oolong,46,39,29,19,897,696,NPK 5-10-5
22,71,70,7.1662401807385745,Sandy,Black,39,17,18,15,1416,551,NPK 20-20-10
23,80,63,5.384754570954122,Sandy,Black,35,24,8,12,1094,615,NPK 20-20-10
21,75,70,5.55251510063256,Sandy,Oolong,50,35,29,13,1387,1184,NPK 20-20-10
21,74,56,4.946431641028356,Sandy,Oolong,33,23,6,13,784,1437,NPK 20-20-10
30,62,57,6.1773813368690185,Sandy,Green,47,15,8,5,693,514,NPK 5-10-5
23,78,68,7.760523117993966,Loam,Green,34,33,26,19,619,909,NPK 20-20-10
27,66,52,8.22466759879725,Clay,Oolong,29,23,29,10,851,546,Organic
20,61,54,6.078787522081136,Clay,Green,44,27,21,14,947,1358,NPK 20-20-10
30,76,57,5.453585059458892,Loam,Green,44,26,26,7,968,1081,NPK 20-20-10
29,70,57,7.461183824005694,Loam,Green,40,38,20,15,588,1087,NPK 20-20-10
22,66,53,5.266989733845182,Sandy,Black,48,21,29,16,680,1366,NPK 5-10-5
29,73,70,5.1878223038728155,Clay,Oolong,46,16,25,12,1384,857,Organic
29,77,65,8.074865557505829,Clay,Black,46,15,24,17,1500,1258,NPK 20-20-10
25,80,65,7.581324708125269,Sandy,Oolong,38,23,22,8,852,991,NPK 5-10-5
30,70,60,6.913915677373677,Loam,Green,41,40,28,7,757,1015,NPK 5-10-5
20,78,57,6.9075610691131,Clay,Green,30,33,26,8,944,1371,NPK 20-20-10
25,61,54,7.512621244274376,Clay,Oolong,31,15,29,15,658,722,Organic
27,67,51,7.584030355111079,Sandy,Green,44,20,21,8,838,1444,NPK 20-20-10
22,67,59,5.634203967001211,Sandy,Black,43,17,7,18,628,742,NPK 5-10-5
21,69,69,6.8385405996303295,Clay,Black,28,37,22,5,688,871,Organic
26,72,56,7.483078047002146,Loam,Oolong,38,21,11,20,940,1133,NPK 20-20-10
30,60,61,7.3510003089201374,Loam,Green,39,38,6,7,1189,1205,NPK 20-20-10
27,73,50,4.832892875458765,Loam,Oolong,28,22,7,19,1167,886,Organic
20,61,61,6.380777493266815,Sandy,Black,36,22,6,15,638,1392,NPK 5-10-5
29,74,63,6.6739708070960155,Clay,Oolong,30,36,5,17,1321,774,NPK 20-20-10
23,65,70,7.0049669596679305,Sandy,Black,36,28,28,6,853,929,NPK 5-10-5
27,64,60,8.441774950471125,Sandy,Green,36,22,13,16,1212,1279,NPK 5-10-5
24,61,61,7.0831056812562085,Clay,Oolong,31,20,13,18,1071,1124,NPK 5-10-5
23,73,51,8.292498656874528,Sandy,Green,25,32,20,14,687,1398,NPK 20-20-10
29,72,60,5.125130984214181,Sandy,Green,27,34,13,15,1343,1395,NPK 5-10-5
21,69,51,6.94643829805338,Loam,Green,38,25,14,9,1413,1024,NPK 20-20-10
23,76,69,6.342993995216792,Loam,Oolong,35,23,16,18,697,990,NPK 20-20-10
28,75,62,6.130069143444906,Clay,Oolong,30,30,5,8,587,519,Organic
24,75,58,7.496169166918762,Clay,Black,44,35,14,18,610,680,NPK 20-20-10
27,64,70,7.688397193392385,Sandy,Green,40,36,26,12,1250,801,NPK 5-10-5
29,78,70,5.009885146594584,Sandy,Oolong,47,20,23,12,586,986,NPK 20-20-10
30,67,58,5.831643336258146,Loam,Oolong,35,27,15,7,729,1148,NPK 20-20-10
20,66,50,6.504760075653252,Sandy,Green,36,28,8,11,657,592,NPK 5-10-5
27,68,52,4.503984571839104,Sandy,Oolong,41,16,30,17,1370,1193,NPK 20-20-10
21,72,59,8.401896382855586,Clay,Black,25,31,27,17,1308,1409,NPK 5-10-5
30,62,63,4.7319484916744585,Clay,Black,40,29,17,6,817,761,NPK 20-20-10
30,79,60,4.522800487658692,Loam,Black,28,40,24,7,1495,612,NPK 20-20-10
22,79,53,6.0433069007445726,Sandy,Green,25,18,29,13,564,1382,Organic
27,76,51,7.771113397026911,Sandy,Oolong,42,39,30,9,827,1209,NPK 20-20-10
23,62,63,6.853178990648787,Clay,Black,45,38,20,7,1136,830,NPK 5-10-5
23,76,57,7.513913790935696,Loam,Oolong,35,26,27,19,1402,641,Organic
20,78,64,6.657880942722492,Clay,Green,33,20,12,19,1069,650,NPK 20-20-10
22,75,51,7.000112732713091,Sandy,Black,48,26,19,9,1396,1336,Organic
21,70,70,5.770088979915872,Loam,Black,40,25,23,6,1310,1313,NPK 5-10-5
24,70,55,7.336615152730015,Clay,Black,50,38,14,18,1295,1433,NPK 5-10-5
22,73,54,6.470732666527095,Loam,Black,48,17,28,8,803,1435,NPK 20-20-10
23,70,56,8.241705606932772,Loam,Green,48,25,23,20,1371,1412,NPK 20-20-10
24,68,67,7.610879526538071,Clay,Black,27,30,26,15,564,671,NPK 5-10-5
20,78,65,6.063630868950461,Loam,Black,38,39,24,11,671,1064,NPK 20-20-10
29,76,61,8.005501896554346,Loam,Oolong,48,25,23,5,942,539,NPK 20-20-10
29,66,59,6.962001997661947,Clay,Oolong,36,29,26,17,979,981,NPK 5-10-5
20,80,67,7.864069262343437,Loam,Green,35,32,6,6,708,1118,Organic
23,78,55,4.527465780559926,Sandy,Oolong,44,34,10,10,1180,1132,NPK 5-10-5
21,69,63,5.109659069691803,Sandy,Oolong,48,24,26,17,1046,1223,NPK 5-10-5
27,68,55,7.191540433374644,Sandy,Black,43,32,16,15,534,513,NPK 5-10-5
24,61,58,4.675639884341977,Sandy,Green,47,22,5,9,1037,1005,Organic
25,67,67,6.066869207720151,Sandy,Green,29,17,28,16,816,1414,Organic
29,74,63,8.394636188095177,Clay,Black,44,27,22,19,1235,550,Organic
22,61,64,4.8716439469209405,Clay,Green,43,25,8,13,1295,1402,NPK 5-10-5
26,69,58,7.937960090381763,Loam,Black,40,32,10,5,682,1498,NPK 20-20-10
22,70,63,5.191494398867956,Clay,Oolong,32,19,14,9,1237,614,NPK 20-20-10
24,70,69,5.798026316277042,Loam,Black,50,38,19,14,1227,581,NPK 5-10-5
21,66,64,5.485349980987872,Clay,Green,38,27,27,8,1411,1390,NPK 20-20-10
21,73,62,6.139175003166408,Clay,Oolong,25,24,29,11,1057,807,Organic
24,76,69,8.05546484712184,Loam,Green,26,22,23,10,911,1281,NPK 20-20-10
30,80,65,7.9613661553248,Sandy,Oolong,41,22,21,6,1028,1042,Organic
25,71,52,5.009799298187864,Clay,Oolong,41,31,13,6,562,609,NPK 5-10-5
20,75,64,6.271719268781671,Clay,Oolong,37,36,8,7,801,1079,NPK 5-10-5
22,62,66,7.475047193745336,Loam,Oolong,44,37,28,10,545,584,NPK 20-20-10
26,75,70,4.668577918730866,Clay,Oolong,43,23,10,12,1498,633,NPK 20-20-10
25,78,58,5.407931898197596,Loam,Black,46,33,10,14,1118,518,Organic
21,71,52,5.061786984833826,Sandy,Oolong,29,29,9,14,591,718,Organic
21,71,51,5.1009276458203185,Clay,Green,28,32,12,7,859,792,NPK 5-10-5
22,76,67,5.59045000554678,Loam,Oolong,33,27,20,10,1369,1133,NPK 20-20-10
24,64,63,5.860460375704937,Sandy,Green,46,15,15,10,690,887,Organic
24,72,67,6.151125059892171,Loam,Oolong,45,30,6,12,1484,611,NPK 20-20-10
29,75,54,8.487471067179834,Loam,Black,37,21,30,14,895,531,NPK 20-20-10
30,69,69,6.089578322140792,Loam,Black,44,23,9,18,1071,650,NPK 5-10-5
24,62,64,7.451438894156272,Sandy,Black,50,37,10,12,1187,567,Organic
22,78,51,8.343134010561265,Loam,Green,33,31,15,20,1063,843,NPK 5-10-5
20,61,66,7.179414375851238,Sandy,Black,34,20,13,11,955,1168,Organic
24,80,61,8.483157912407108,Loam,Green,40,16,13,9,776,837,NPK 20-20-10
23,68,63,4.936861098184374,Sandy,Black,42,19,8,6,1431,1272,NPK 5-10-5
27,72,67,6.286191298627123,Clay,Oolong,30,34,22,19,1048,725,Organic
20,77,58,7.076948552551068,Sandy,Green,34,23,9,6,1120,1300,NPK 5-10-5
22,64,50,8.083283513742085,Sandy,Black,40,28,19,19,1151,977,Organic
27,73,58,6.546348552422868,Loam,Green,46,34,25,19,1388,860,Organic
29,63,66,8.177578808376035,Loam,Oolong,31,39,12,11,915,847,NPK 20-20-10
27,77,60,4.578270159458548,Loam,Oolong,31,33,25,9,1276,899,NPK 20-20-10
24,66,50,6.543975156128992,Loam,Black,40,32,25,5,1275,1229,NPK 5-10-5
29,70,68,6.405955151751522,Clay,Black,43,33,24,8,978,763,NPK 20-20-10
28,75,52,6.239722584279045,Clay,Black,33,25,16,17,1043,513,NPK 5-10-5
23,67,64,5.707523349332661,Sandy,Oolong,42,24,12,17,571,835,NPK 5-10-5
23,64,51,7.089720078706376,Loam,Black,50,26,28,17,633,601,NPK 20-20-10
20,70,57,5.423356038971935,Sandy,Oolong,32,39,12,11,1055,651,NPK 20-20-10
24,62,58,6.116210765125661,Clay,Black,38,15,26,17,1370,944,NPK 20-20-10
20,64,66,7.760927264927119,Clay,Oolong,47,29,21,7,706,858,Organic
30,72,69,6.801148631892223,Sandy,Black,32,23,8,8,743,1449,NPK 5-10-5
25,66,58,4.711219815526233,Clay,Oolong,45,17,15,14,1469,1490,Organic
25,79,53,7.843210739041917,Sandy,Oolong,45,29,30,8,1441,1468,NPK 5-10-5
25,62,66,7.092782870680559,Sandy,Oolong,44,37,5,5,1153,1483,NPK 20-20-10
23,74,58,6.391922454324625,Clay,Black,31,31,28,18,628,1378,NPK 20-20-10
29,74,57,8.38870897858681,Clay,Green,30,29,20,15,589,884,Organic
24,78,61,7.081543356820625,Clay,Oolong,38,18,14,10,767,569,NPK 20-20-10
25,67,70,8.117254658573795,Sandy,Black,32,32,12,18,667,745,NPK 5-10-5
24,67,61,7.46531069522456,Loam,Oolong,50,18,12,6,910,1127,Organic
21,73,57,6.286759627341419,Loam,Green,37,30,28,17,1029,1292,NPK 20-20-10
27,60,51,8.37429662514138,Sandy,Green,28,16,16,5,820,711,NPK 20-20-10
24,67,57,5.629232755046622,Loam,Green,33,20,5,15,1358,680,NPK 5-10-5
30,79,68,4.735775472665352,Loam,Green,26,36,14,7,906,957,NPK 20-20-10
21,73,57,7.574090571346099,Loam,Black,34,31,25,5,586,899,NPK 5-10-5
29,64,68,5.399848427949847,Sandy,Green,25,30,18,10,1168,574,NPK 5-10-5
27,65,52,4.674986670990543,Sandy,Black,47,24,19,5,500,770,NPK 5-10-5
22,79,52,4.601935925638332,Sandy,Black,27,28,23,17,509,1404,Organic
28,75,70,7.735291767136172,Loam,Oolong,25,33,28,20,1481,1367,NPK 20-20-10
21,70,51,6.425544936986199,Loam,Black,46,27,19,14,548,1490,NPK 5-10-5
22,71,58,7.661300943142676,Loam,Oolong,41,39,29,15,996,724,Organic
22,69,50,5.5941851345716,Clay,Green,34,36,7,20,1403,863,NPK 20-20-10
28,73,69,7.387498715405167,Loam,Black,35,27,8,18,1149,872,NPK 5-10-5
24,77,60,6.668798818824864,Sandy,Black,43,32,16,20,1089,1280,NPK 5-10-5
20,61,60,7.2268189036712265,Loam,Green,38,34,22,6,1298,1405,NPK 5-10-5
23,70,59,8.439774074437663,Clay,Black,40,33,5,16,911,1491,NPK 5-10-5
24,79,68,5.516299722782405,Clay,Oolong,31,25,18,7,1111,846,Organic
28,79,61,5.437401680427335,Sandy,Oolong,32,30,29,10,1129,568,NPK 5-10-5
23,60,54,6.279663491990718,Clay,Black,25,30,15,9,1261,1050,NPK 5-10-5
22,66,51,8.0975372777298,Clay,Black,50,33,13,20,1128,1041,NPK 20-20-10
28,62,62,6.304158248378861,Sandy,Oolong,30,18,11,8,1411,1309,NPK 5-10-5
28,63,52,7.005253636933229,Loam,Black,47,30,13,15,1105,1069,Organic
29,69,69,4.970934987041493,Clay,Black,30,33,5,5,1124,1239,NPK 20-20-10
22,75,52,5.536746842013164,Loam,Green,46,21,5,20,905,1133,NPK 20-20-10
30,68,55,6.146445566847779,Loam,Green,33,32,17,9,962,1397,Organic
21,66,59,5.037720727857835,Clay,Oolong,30,24,14,14,1029,754,NPK 5-10-5
21,67,63,6.7151640249983435,Clay,Green,40,37,26,8,1312,1035,Organic
20,62,66,8.196965759365401,Clay,Oolong,31,19,24,11,719,1185,NPK 5-10-5
24,64,62,7.286999130258902,Sandy,Black,38,31,26,13,1116,1311,NPK 5-10-5
24,61,64,5.332005944227076,Loam,Green,37,26,21,5,1230,1318,NPK 5-10-5
30,63,53,7.620897163168573,Clay,Green,31,23,17,14,621,1120,Organic
27,76,51,4.53161640285714,Sandy,Oolong,47,22,7,12,1273,1156,NPK 20-20-10
20,62,52,7.438287770350005,Sandy,Black,30,29,23,17,730,804,Organic
28,61,56,6.607345073425373,Sandy,Green,31,34,18,12,1412,1280,NPK 5-10-5
28,65,68,5.226946039983348,Sandy,Green,48,34,26,18,1137,675,NPK 5-10-5
20,63,57,4.8190280442877285,Loam,Black,48,38,9,16,1426,1210,NPK 5-10-5
29,71,64,6.434325082729893,Clay,Black,41,37,30,9,1469,1015,Organic
28,78,52,5.746828762085042,Loam,Green,34,32,27,6,928,526,Organic
22,62,56,5.397643104010498,Clay,Black,42,27,13,14,772,1342,NPK 20-20-10
20,69,66,4.860811340757272,Sandy,Black,31,18,9,9,1045,644,NPK 5-10-5
21,70,56,7.993029035581422,Loam,Green,39,23,9,17,552,808,NPK 20-20-10
28,77,57,7.86505592411884,Loam,Black,50,17,15,19,930,1245,NPK 5-10-5
29,75,56,6.772741481169389,Sandy,Green,44,33,25,15,726,581,NPK 20-20-10
29,75,59,8.309027573991354,Loam,Black,48,22,7,7,644,854,NPK 5-10-5
20,71,53,7.879382462539428,Sandy,Green,25,31,23,14,1164,1465,NPK 5-10-5
23,64,63,7.424579547550125,Clay,Black,44,22,5,9,564,1165,NPK 20-20-10
24,71,66,8.400937602130176,Loam,Green,36,39,23,10,689,835,Organic
24,69,65,5.526987705858563,Sandy,Black,40,35,10,13,1469,1139,Organic
20,69,69,4.788699197176452,Loam,Green,48,19,22,11,733,1302,Organic
25,61,52,5.741475008033272,Loam,Green,36,25,28,15,1495,837,NPK 20-20-10
30,75,63,6.4345852700696495,Clay,Black,43,18,20,7,676,913,Organic
21,71,69,5.83675040156211,Clay,Green,37,15,16,6,921,1264,NPK 20-20-10
25,63,70,5.464321257230079,Clay,Oolong,41,34,13,5,1007,674,Organic
22,67,63,5.84651769816638,Sandy,Green,29,20,19,10,1301,934,Organic
21,68,65,7.988528171391647,Clay,Black,26,31,24,14,571,1268,Organic
25,69,53,6.705043323661847,Clay,Green,50,20,30,11,669,1107,NPK 5-10-5
29,60,57,7.825576590607028,Sandy,Black,35,22,15,18,1310,1007,Organic
21,63,70,7.038585041829862,Clay,Green,33,23,16,5,865,683,NPK 5-10-5
30,61,67,8.189578932655731,Loam,Green,38,31,19,5,1178,1009,NPK 20-20-10
28,60,51,7.652071093755726,Clay,Oolong,49,24,10,12,1070,1040,NPK 20-20-10
26,62,56,5.135871844711664,Sandy,Oolong,50,22,26,12,1015,707,Organic
24,68,70,5.614783194585728,Loam,Oolong,40,34,23,8,613,1011,Organic
30,64,64,5.951302881446217,Loam,Green,47,38,6,18,1455,975,NPK 20-20-10
29,65,58,5.865697046199057,Clay,Oolong,37,22,18,12,595,1132,Organic
20,80,58,5.988369405118403,Clay,Oolong,49,39,9,8,1065,911,NPK 20-20-10
26,61,53,5.6989585148015145,Loam,Black,33,25,13,13,1325,1080,NPK 5-10-5
22,67,54,4.81182414789437,Clay,Oolong,36,26,28,16,602,1320,Organic
22,68,67,4.959046143610261,Clay,Black,29,23,6,20,1381,1072,Organic
25,60,59,6.079401609029926,Clay,Green,44,25,19,11,1500,1445,NPK 20-20-10
21,77,67,7.656361463236843,Sandy,Green,37,15,22,13,1409,1102,NPK 20-20-10
30,77,61,6.811807813826952,Sandy,Green,42,19,19,12,516,788,NPK 5-10-5
21,65,61,4.697228708560326,Sandy,Black,29,40,9,11,1383,738,NPK 20-20-10
24,75,55,7.006440988434596,Loam,Oolong,33,35,9,18,812,886,NPK 5-10-5
20,76,67,6.258135760685572,Sandy,Black,36,35,22,20,1058,1478,NPK 5-10-5
30,64,68,5.512619423355243,Clay,Green,29,19,30,17,1376,738,NPK 5-10-5
24,77,67,4.842856190094684,Loam,Black,27,19,16,16,849,1097,Organic
25,67,62,5.962926515837628,Loam,Black,40,31,28,16,840,1398,Organic
27,75,50,8.060019006250666,Clay,Green,41,15,23,16,996,709,NPK 20-20-10
30,67,61,5.2599645741389445,Sandy,Oolong,41,25,10,5,597,1233,NPK 5-10-5
20,80,69,7.0563865934089165,Sandy,Green,46,20,18,14,823,556,NPK 5-10-5
27,62,53,6.728061686587852,Clay,Oolong,47,22,20,13,842,1397,Organic
26,79,55,5.165000181538623,Clay,Green,25,19,23,5,990,650,Organic
24,76,53,6.97006876949539,Clay,Green,48,26,6,5,1159,634,Organic
23,66,52,4.65285494966731,Clay,Green,41,31,24,6,1381,866,NPK 5-10-5
22,60,69,7.884184402784689,Sandy,Black,28,30,6,13,935,580,Organic
23,66,62,7.740700388154918,Clay,Oolong,42,40,5,17,721,1154,Organic
25,80,70,8.219514052896443,Loam,Green,41,15,27,5,1282,1235,NPK 5-10-5
25,61,56,7.565930078178792,Loam,Green,29,30,19,12,1315,1452,Organic
28,71,51,8.23729282613169,Loam,Oolong,49,26,14,11,837,858,Organic
22,77,52,8.14142768845118,Clay,Oolong,48,30,10,20,1471,562,NPK 20-20-10
21,69,55,6.43940991541668,Sandy,Green,42,25,7,19,862,1010,NPK 20-20-10
27,75,53,5.277936996782853,Sandy,Green,50,18,13,17,720,1335,NPK 20-20-10
30,61,54,8.279985458411623,Loam,Green,50,17,20,5,1192,764,NPK 20-20-10
22,66,56,5.770773579840192,Loam,Oolong,30,32,7,11,641,1218,NPK 5-10-5
24,77,61,5.336673339212922,Loam,Black,50,15,9,15,1092,922,NPK 5-10-5
20,68,70,5.848618036096058,Loam,Oolong,30,27,14,16,506,615,NPK 5-10-5
20,77,52,5.644993781201601,Clay,Black,50,15,20,11,634,1363,Organic
24,75,68,5.1507324403673715,Loam,Green,44,29,6,17,528,828,NPK 20-20-10
30,67,58,7.811276531623193,Loam,Oolong,33,21,6,14,1231,1309,Organic
26,75,67,4.5063115747610265,Loam,Black,35,40,29,5,780,634,NPK 20-20-10
24,78,59,7.059694686599943,Loam,Black,26,34,6,13,1244,1163,NPK 5-10-5
20,77,55,6.679213650190363,Clay,Black,42,40,18,11,1299,1392,NPK 5-10-5
24,67,60,7.511173863741155,Clay,Green,25,40,18,20,907,961,NPK 20-20-10
29,78,62,5.052883317081834,Clay,Black,46,36,5,16,1183,888,NPK 20-20-10
22,77,56,4.657311319770999,Clay,Black,41,36,24,12,1084,963,NPK 5-10-5
23,62,68,4.646739824842722,Clay,Green,35,33,6,5,1492,824,NPK 5-10-5
21,67,60,7.950403184385903,Clay,Green,36,22,8,10,628,1459,NPK 20-20-10
26,64,51,6.58848250820967,Clay,Green,37,15,6,18,1325,742,NPK 20-20-10
22,65,54,7.6603537503038215,Sandy,Oolong,48,25,21,12,790,723,NPK 5-10-5
23,64,66,7.158106677452036,Loam,Oolong,44,22,26,6,1317,879,Organic
24,63,63,6.4025987101461705,Clay,Green,39,25,5,6,1117,1152,Organic
28,77,50,4.66345016491462,Loam,Oolong,35,31,23,16,508,847,NPK 5-10-5
20,66,55,5.506017718374375,Clay,Oolong,25,27,6,15,782,1242,NPK 20-20-10
22,68,54,7.070494229152633,Loam,Oolong,34,35,21,18,1080,617,NPK 5-10-5
21,67,68,6.206610636003336,Clay,Oolong,35,25,10,9,1292,1416,NPK 20-20-10
29,67,58,6.9079058757296625,Clay,Black,46,30,21,18,951,1323,NPK 20-20-10
23,72,60,6.538259436093016,Clay,Black,40,22,8,15,1478,1384,NPK 20-20-10
30,62,59,6.400948082222271,Clay,Green,31,29,28,15,1468,817,Organic
22,63,58,7.495794284519482,Sandy,Oolong,36,33,13,17,1340,901,Organic
21,78,57,6.087494220067962,Sandy,Oolong,40,37,17,5,932,1096,NPK 5-10-5
29,80,51,7.298359697340988,Clay,Black,32,17,21,12,1043,848,NPK 5-10-5
24,76,64,6.495136488371882,Clay,Black,32,32,21,6,659,1446,NPK 5-10-5
24,72,56,8.30885516533019,Sandy,Green,44,17,8,16,1360,1237,Organic
29,74,60,7.739214187231793,Sandy,Oolong,48,37,6,15,985,754,NPK 20-20-10
27,65,65,7.470730419242786,Clay,Green,30,27,10,12,1481,1408,Organic
21,62,57,7.932887231873629,Clay,Black,41,20,5,17,1191,1228,Organic
22,63,59,5.143092066726762,Loam,Oolong,47,30,5,5,1317,825,NPK 5-10-5
28,80,58,7.477777589304287,Sandy,Black,38,15,17,10,961,519,NPK 5-10-5
24,61,51,7.691834980731047,Sandy,Black,30,40,12,11,649,605,NPK 5-10-5
24,77,61,6.456904873018564,Sandy,Black,26,37,25,11,658,1170,NPK 20-20-10
21,60,62,6.61952588167259,Loam,Oolong,43,23,7,6,990,745,NPK 5-10-5
26,70,64,8.300211728042923,Loam,Oolong,49,32,7,9,1159,958,NPK 5-10-5
25,62,60,6.250010780664693,Sandy,Green,30,27,14,6,583,714,Organic
30,73,58,8.1761497901436,Sandy,Green,34,31,5,7,1211,701,Organic
28,80,54,7.9038771892155335,Loam,Black,35,23,5,10,1400,755,NPK 20-20-10
25,76,68,8.435265885723123,Loam,Oolong,40,39,24,6,1068,1428,Organic
26,75,67,5.150189810306295,Clay,Oolong,40,16,22,10,1488,1354,NPK 20-20-10
30,77,69,8.234936765994245,Loam,Oolong,43,27,10,18,913,847,Organic
27,64,67,6.191339325420524,Sandy,Green,41,39,18,20,1474,606,Organic
28,64,68,5.436311663005369,Clay,Oolong,31,40,14,20,930,663,NPK 20-20-10
24,78,60,7.966461973407103,Clay,Green,44,25,14,19,1027,1413,NPK 20-20-10
30,60,52,7.043707118357034,Sandy,Black,37,25,26,5,1140,973,NPK 5-10-5
22,68,67,5.6112187121213,Sandy,Green,39,15,19,18,1454,1423,NPK 5-10-5
27,76,58,8.11508122082573,Loam,Black,50,33,19,19,977,532,Organic
20,69,52,8.46231747811245,Loam,Oolong,50,30,15,20,1455,1418,NPK 20-20-10
20,80,52,7.235044813090119,Sandy,Oolong,29,20,28,14,1144,870,NPK 5-10-5
22,75,61,7.774720219083207,Loam,Oolong,31,36,28,19,1094,1115,NPK 20-20-10
30,70,55,8.18651127390046,Sandy,Oolong,29,35,28,14,1250,1049,Organic
24,69,70,7.301815204951003,Loam,Green,34,28,27,9,1140,1026,Organic
29,79,52,5.513707735144218,Sandy,Black,43,40,24,17,1155,609,Organic
22,63,58,6.602190542044475,Sandy,Oolong,37,40,24,11,863,538,NPK 20-20-10
21,61,62,5.128668587442348,Clay,Black,29,16,19,15,1153,781,NPK 20-20-10
30,67,68,8.381861854659043,Sandy,Black,34,36,28,11,925,768,NPK 5-10-5
29,71,57,7.383532103864438,Sandy,Black,44,29,6,11,1291,1369,Organic
29,73,67,6.445872891101022,Clay,Oolong,47,38,11,10,1272,1063,Organic
25,63,57,6.425343559856694,Loam,Black,44,15,6,15,976,776,Organic
28,74,63,6.338949726763017,Clay,Green,44,18,21,11,735,880,Organic
25,77,67,5.442326228872581,Sandy,Green,44,39,6,10,1475,1022,NPK 20-20-10
27,79,54,6.6964792828648125,Sandy,Oolong,41,32,24,6,1398,776,NPK 20-20-10
26,69,66,7.19110234065238,Clay,Oolong,44,21,22,17,1395,1352,Organic
27,77,64,5.650304349727734,Sandy,Black,39,17,24,13,1233,1107,Organic
26,72,56,4.521167431713509,Clay,Oolong,44,31,9,15,1287,745,NPK 5-10-5
29,69,68,6.209304096765759,Clay,Green,49,16,17,19,695,1330,NPK 20-20-10
28,66,64,5.389051627293715,Loam,Green,29,19,18,15,604,1299,NPK 20-20-10
30,65,58,7.544519529547186,Clay,Black,30,30,23,12,889,1413,Organic
29,80,59,6.831144247509695,Clay,Oolong,39,35,5,10,1438,938,NPK 20-20-10
25,74,56,7.364604233183325,Loam,Green,44,39,9,15,776,537,Organic
21,61,70,5.267912826782712,Clay,Black,46,29,22,14,879,617,NPK 20-20-10
25,64,58,5.504406845083107,Clay,Oolong,33,27,7,10,605,1237,Organic
27,67,67,5.523179489532511,Clay,Black,30,26,5,6,1382,754,NPK 5-10-5
28,69,53,5.594504867474184,Loam,Green,42,21,24,14,704,1393,Organic
22,62,61,6.598586592663315,Clay,Black,25,40,15,5,1102,1423,NPK 20-20-10
25,68,67,5.525847567960577,Loam,Black,28,18,26,11,801,1051,NPK 20-20-10
26,69,61,7.607431373360114,Loam,Oolong,41,31,5,6,1298,687,NPK 5-10-5
22,63,50,7.489078432277568,Loam,Green,36,38,5,5,1409,1295,NPK 20-20-10
30,65,63,5.811812573072839,Clay,Black,31,16,14,14,710,973,Organic
26,78,56,6.246644113816606,Loam,Black,40,32,20,14,765,804,Organic
22,65,69,5.824715570875917,Clay,Black,44,33,29,13,1090,1009,Organic
26,70,55,7.235206245894327,Loam,Black,27,34,23,6,755,565,NPK 5-10-5
23,77,66,7.874003577059563,Clay,Green,39,31,23,16,1073,773,Organic
28,77,69,6.637629923212556,Sandy,Green,35,33,22,5,1002,1298,Organic
20,65,55,8.406893886375952,Clay,Oolong,40,33,21,6,1434,1486,Organic
27,66,51,6.678419997507289,Loam,Black,28,24,19,14,1166,1044,NPK 5-10-5
30,75,69,4.755728670178165,Loam,Green,47,37,29,15,631,832,NPK 20-20-10
25,66,52,4.523476584591505,Loam,Green,32,38,13,5,944,725,NPK 20-20-10
25,67,63,4.7554165250440725,Loam,Oolong,43,31,28,14,1480,537,NPK 20-20-10
28,62,61,7.035874915041859,Loam,Black,50,18,28,13,1373,1055,NPK 5-10-5
30,75,51,7.822195616530321,Loam,Black,25,24,17,13,1003,928,NPK 5-10-5
24,73,53,6.203125273155232,Sandy,Green,38,15,17,17,1398,910,Organic
25,79,65,8.407320556006676,Loam,Green,42,39,19,8,1321,1183,NPK 20-20-10
26,62,59,6.324910192872549,Loam,Green,35,24,12,16,1081,813,NPK 20-20-10
20,65,61,6.046084046675168,Sandy,Oolong,28,34,26,11,1164,981,NPK 5-10-5
22,63,51,4.82995189245526,Sandy,Black,38,39,25,11,1364,1464,Organic
20,62,67,4.911622239962334,Clay,Green,25,19,9,5,528,558,Organic
22,76,63,4.514397018389275,Clay,Black,31,26,14,5,525,706,Organic
28,72,51,7.891879014251146,Sandy,Oolong,30,40,20,17,1269,1482,NPK 5-10-5
30,68,69,5.0027209932801115,Loam,Oolong,42,22,26,8,1305,1181,NPK 20-20-10
27,66,69,5.287899540227734,Loam,Oolong,29,39,7,18,965,927,NPK 5-10-5
28,65,69,4.933582881884467,Sandy,Oolong,43,36,20,12,1353,1140,Organic
20,70,50,7.358838191638764,Clay,Oolong,38,40,30,17,603,1282,Organic
23,78,50,7.882130616501557,Loam,Black,26,16,8,16,730,1442,Organic
27,72,51,5.009640821907559,Loam,Green,25,23,7,5,1102,810,Organic
23,77,59,4.55247718476584,Clay,Black,45,20,8,20,907,757,NPK 5-10-5
29,72,57,6.110797390593794,Sandy,Green,45,21,18,9,659,1086,NPK 5-10-5
27,70,54,8.418412877449088,Loam,Green,50,16,9,15,1099,794,NPK 5-10-5
22,79,53,7.764293406823284,Loam,Oolong,37,24,7,19,1214,1005,Organic
25,72,57,5.895422218715977,Loam,Black,44,28,20,12,1301,830,Organic
29,80,70,5.05596442597883,Clay,Black,37,38,17,16,1207,1195,Organic
26,71,54,6.6060469769276065,Sandy,Green,33,32,16,12,1183,788,Organic
21,60,59,5.259410617219144,Loam,Black,47,29,15,18,585,918,NPK 5-10-5
20,76,54,7.4435242092009,Loam,Black,29,18,8,12,944,694,Organic
23,68,63,5.454950138325231,Loam,Oolong,44,36,14,14,1299,651,Organic
27,70,64,4.90192265599714,Loam,Oolong,29,28,26,7,1232,1238,NPK 5-10-5
21,70,50,8.030216390671386,Sandy,Black,47,15,20,16,1473,799,NPK 20-20-10
21,75,68,8.027703871952227,Loam,Black,31,18,27,17,1467,817,Organic
24,64,67,5.955095716173016,Sandy,Black,40,16,21,11,1189,1047,NPK 5-10-5
27,74,58,5.971161201703534,Loam,Black,47,15,25,10,1085,1225,NPK 20-20-10
26,71,52,4.738147867680553,Clay,Green,35,39,14,11,1191,1242,NPK 20-20-10
30,70,63,4.512918355717648,Sandy,Black,47,23,16,19,539,717,NPK 20-20-10
28,76,50,4.756913385119641,Clay,Black,47,34,20,20,1012,1067,Organic
22,76,65,7.141485860188225,Sandy,Green,30,38,24,6,649,1091,NPK 5-10-5
30,76,54,7.986015539527486,Loam,Oolong,43,21,15,5,970,811,NPK 20-20-10
20,65,57,6.051813369536029,Sandy,Green,37,16,9,8,555,1241,NPK 20-20-10
26,80,68,6.188913085019511,Sandy,Black,47,28,18,10,1364,918,Organic
30,71,58,4.668499416675248,Sandy,Green,46,36,16,16,1115,1189,NPK 5-10-5
26,76,67,4.837067058152282,Sandy,Green,45,29,25,11,607,743,NPK 20-20-10
27,77,66,6.868529287914175,Clay,Oolong,33,25,10,19,1494,1043,NPK 20-20-10
20,80,62,4.94437873672103,Sandy,Green,42,39,8,10,595,739,Organic
22,78,53,8.357678344749859,Sandy,Oolong,48,28,27,7,1098,1468,NPK 5-10-5
30,62,50,7.863943735216142,Loam,Oolong,45,32,16,5,1151,577,NPK 5-10-5
27,60,67,8.360135165115445,Loam,Black,46,35,23,7,574,605,NPK 5-10-5
29,80,61,5.977418228354569,Sandy,Black,42,20,14,15,888,1061,Organic
23,68,70,7.941686260446953,Clay,Green,40,30,29,20,1207,1262,NPK 20-20-10
29,76,53,4.913910093573719,Loam,Oolong,40,23,7,8,590,725,NPK 20-20-10
24,78,56,6.220268859118729,Clay,Oolong,34,16,13,6,795,872,Organic
30,65,66,4.786495175882238,Loam,Oolong,25,19,15,18,1307,1057,Organic
27,71,66,7.834048844051718,Loam,Oolong,48,39,10,14,678,994,NPK 5-10-5
27,68,69,7.564658273013816,Clay,Oolong,50,15,28,7,886,813,NPK 20-20-10
22,79,53,7.508788397547412,Clay,Black,50,18,25,10,1068,1045,NPK 20-20-10
23,67,65,5.140453450750188,Loam,Oolong,46,25,10,9,569,944,NPK 20-20-10
26,78,52,5.774299952870473,Sandy,Oolong,40,31,25,11,1310,712,NPK 20-20-10
20,67,52,6.629395349478651,Loam,Black,35,17,6,7,1010,855,NPK 20-20-10
25,71,61,6.05352603135973,Sandy,Green,43,39,8,9,802,859,Organic
20,70,51,7.716560719508173,Clay,Black,31,21,23,20,515,1369,NPK 20-20-10
23,75,62,5.421461536678917,Clay,Oolong,36,15,19,15,1280,840,NPK 5-10-5
20,69,61,5.3835236321832465,Clay,Green,33,36,27,14,712,645,Organic
24,70,67,5.121735042765621,Clay,Oolong,44,18,21,15,717,804,NPK 5-10-5
25,60,66,6.860399854394547,Loam,Green,43,29,27,20,1130,1342,Organic
29,77,55,5.274933229573759,Sandy,Green,28,28,10,9,863,817,NPK 5-10-5
28,68,64,5.585328110160667,Sandy,Black,34,38,29,20,1329,1446,Organic
25,64,64,5.963645665514093,Clay,Oolong,42,31,27,16,556,531,Organic
26,62,62,7.1510876485510515,Loam,Oolong,36,17,19,5,1071,1440,NPK 20-20-10
23,75,51,7.044267719498884,Loam,Black,27,35,17,18,985,780,NPK 5-10-5
29,64,68,5.63205860466916,Loam,Green,49,25,10,17,919,586,NPK 20-20-10
25,62,55,4.593209258407256,Loam,Oolong,48,29,16,13,516,518,Organic
24,68,70,4.81028532369281,Clay,Green,28,23,22,11,1470,822,Organic
20,62,52,4.558375666780277,Sandy,Black,49,36,14,9,519,1413,NPK 20-20-10
30,78,67,8.268604837968716,Sandy,Oolong,41,18,21,5,1251,1436,NPK 20-20-10
28,60,60,6.883314152321512,Clay,Black,26,18,23,18,540,1244,NPK 20-20-10
20,66,66,7.581328416508303,Loam,Green,29,15,6,20,1039,616,NPK 5-10-5
26,80,56,7.354128282974564,Loam,Oolong,32,34,11,13,1388,1230,NPK 20-20-10
29,65,63,6.492911510125223,Sandy,Oolong,29,34,29,16,945,1079,NPK 20-20-10
25,62,63,6.793420748373107,Loam,Black,50,30,8,18,1089,1376,Organic
23,70,68,4.58244845045807,Loam,Black,43,18,10,6,514,520,NPK 20-20-10
28,73,54,7.542226984985771,Sandy,Oolong,34,26,14,16,783,572,NPK 20-20-10
21,60,52,6.883429449734727,Loam,Green,48,34,7,12,1373,842,Organic
27,78,62,6.856763972694829,Loam,Green,26,23,14,19,656,566,NPK 20-20-10
30,61,50,4.50554747623218,Sandy,Black,30,22,28,6,1366,1068,NPK 20-20-10
26,68,58,5.68287695790084,Clay,Black,32,25,13,14,1412,578,NPK 5-10-5
20,72,66,7.463662240586977,Loam,Oolong,28,23,18,13,733,1372,NPK 5-10-5
25,61,50,5.587704151624176,Sandy,Black,26,38,11,7,995,686,NPK 5-10-5
26,80,68,5.983436841602165,Sandy,Green,43,37,27,7,930,693,NPK 5-10-5
24,61,60,7.9141240925974845,Clay,Black,36,31,24,7,1053,753,NPK 5-10-5
21,62,55,5.071947662041765,Sandy,Oolong,33,21,22,18,1427,792,NPK 5-10-5
22,73,50,6.425546337542746,Sandy,Black,30,15,11,19,700,569,NPK 5-10-5
20,75,64,6.055338969188788,Clay,Oolong,41,21,5,18,887,1221,NPK 5-10-5
22,71,64,5.264373385671212,Sandy,Oolong,26,16,5,15,819,879,NPK 20-20-10
25,77,59,6.52896306209564,Clay,Black,40,34,8,14,629,695,NPK 5-10-5
26,68,68,8.27271112140279,Clay,Green,25,20,21,18,660,878,Organic
24,69,57,5.297289076808115,Sandy,Black,27,37,28,7,752,797,NPK 20-20-10
26,78,59,4.588257649701891,Sandy,Black,29,15,19,11,957,1151,NPK 20-20-10
27,66,54,7.251386482899882,Sandy,Oolong,31,35,13,10,848,1039,Organic
26,67,51,6.283567160294341,Clay,Black,26,36,8,5,952,982,NPK 20-20-10
28,61,57,5.3643244612431005,Clay,Green,26,29,22,7,1095,881,Organic
20,79,50,6.626588221726488,Sandy,Black,42,17,21,8,902,1011,NPK 5-10-5
29,61,51,5.9450044367124235,Loam,Black,30,38,20,19,1361,1423,Organic
23,67,55,6.208457166038421,Sandy,Green,48,29,27,6,1051,751,NPK 5-10-5
23,80,50,5.670677339727054,Sandy,Black,28,18,15,13,850,877,NPK 5-10-5
21,74,61,5.334446188078095,Loam,Oolong,33,25,16,19,727,1113,NPK 5-10-5
22,65,57,7.70049986349607,Clay,Black,36,25,7,9,959,1173,NPK 5-10-5
29,68,64,6.293050916963862,Loam,Black,36,29,21,20,1478,1432,NPK 20-20-10
24,72,51,6.0993985047763495,Clay,Green,31,24,14,19,1369,1294,Organic
30,80,63,6.660876847247618,Sandy,Black,40,28,24,19,702,792,Organic
27,61,57,6.094446497896781,Loam,Green,45,40,27,5,828,920,NPK 5-10-5
30,78,70,5.525473671036938,Clay,Black,33,29,25,13,1321,1102,NPK 20-20-10
28,64,66,6.364667159432058,Clay,Green,28,33,6,20,810,1210,NPK 5-10-5
24,75,65,8.13339543519554,Clay,Black,45,20,18,17,893,1165,NPK 20-20-10
26,75,61,8.011191405839345,Clay,Oolong,30,21,7,16,942,980,Organic
25,75,52,6.626980967326203,Sandy,Green,36,30,5,17,701,973,Organic
22,80,70,6.444947759681449,Sandy,Black,25,30,27,10,1227,1043,Organic
21,69,51,7.788230709515608,Loam,Green,28,17,15,11,1452,895,Organic
26,79,55,5.423151803796017,Sandy,Oolong,41,39,7,15,1132,1448,NPK 5-10-5
23,78,59,6.573944693062707,Sandy,Oolong,48,33,22,6,1150,1258,Organic
20,78,51,6.485685781372695,Loam,Oolong,34,15,19,8,1024,1481,NPK 5-10-5
28,63,52,6.792694918907243,Sandy,Green,39,33,15,16,1496,1417,Organic
29,63,65,5.286552865354856,Clay,Green,48,20,25,16,988,957,NPK 20-20-10
23,60,65,5.773180287550746,Clay,Black,44,25,21,9,1417,1130,Organic
20,70,56,8.22173320720502,Loam,Oolong,30,24,19,20,638,612,NPK 5-10-5
22,61,64,6.883724659933983,Loam,Green,37,34,27,11,1452,1460,NPK 20-20-10
24,62,66,7.55561592437063,Sandy,Black,30,22,26,8,931,590,Organic
26,62,66,4.647371847200619,Loam,Black,47,21,27,18,1331,1492,Organic
21,77,67,6.740991651706143,Loam,Oolong,36,39,14,16,1455,1007,NPK 5-10-5
20,76,65,7.158359795431767,Sandy,Green,27,30,28,20,743,683,NPK 5-10-5
24,68,64,5.5811431528684015,Clay,Green,41,39,8,16,1021,520,NPK 20-20-10
30,69,53,5.899977641642647,Sandy,Oolong,47,20,23,7,1186,524,NPK 20-20-10
26,74,58,6.585592246766268,Clay,Green,37,27,7,18,639,1256,NPK 20-20-10
28,63,57,8.429864189299334,Sandy,Oolong,30,34,7,8,644,980,NPK 20-20-10
30,75,70,7.705959995533885,Clay,Oolong,39,18,23,17,1096,590,NPK 20-20-10
23,61,58,5.728264412339804,Clay,Black,31,21,17,8,641,770,NPK 5-10-5
20,80,56,6.787882154447004,Clay,Green,25,19,27,16,1106,530,Organic
26,64,51,7.904631130669284,Loam,Oolong,42,33,24,5,1215,768,NPK 20-20-10
21,79,64,7.646205157026312,Loam,Green,29,25,18,16,775,756,Organic
27,80,53,7.031213018690858,Sandy,Green,42,19,9,6,507,1104,NPK 20-20-10
30,60,66,5.775580694348054,Clay,Oolong,33,40,8,12,1252,1231,NPK 5-10-5
20,70,55,5.219037878992142,Clay,Black,26,35,18,16,1469,1017,NPK 5-10-5
25,70,65,7.4758704187368314,Sandy,Green,31,22,5,5,1226,834,NPK 5-10-5
24,61,51,6.546436370996804,Loam,Green,25,19,6,6,985,522,NPK 20-20-10
20,72,60,6.178654815040735,Clay,Oolong,48,31,12,6,1346,573,Organic
24,60,60,7.95837351908163,Clay,Black,50,24,14,15,1483,1161,NPK 5-10-5
23,72,58,7.507163489072818,Loam,Green,26,32,30,10,1260,608,NPK 20-20-10
20,65,59,6.569109636596346,Sandy,Green,45,18,22,13,1366,665,NPK 20-20-10
21,67,64,7.342204529250921,Loam,Green,47,22,22,7,906,1290,NPK 5-10-5
28,77,68,4.7729021408241605,Clay,Oolong,48,16,14,19,880,1143,NPK 5-10-5
29,67,67,6.562169721945326,Sandy,Oolong,48,29,26,15,963,609,NPK 5-10-5
20,66,60,7.377380649268669,Clay,Oolong,33,25,10,7,893,649,NPK 5-10-5
28,61,68,7.187917528045818,Loam,Oolong,35,19,6,6,753,556,Organic
23,65,55,5.212522091883474,Sandy,Oolong,33,15,6,11,511,1183,NPK 5-10-5
28,67,65,7.919119377952047,Sandy,Green,29,27,12,14,1088,961,NPK 5-10-5
21,73,50,8.43373045774759,Sandy,Black,41,30,14,5,508,686,NPK 5-10-5
24,60,50,5.105288184454124,Clay,Oolong,31,31,24,10,761,650,NPK 20-20-10
21,71,65,7.061397863506992,Sandy,Black,30,29,15,19,1206,730,NPK 20-20-10
26,61,70,6.75117784598595,Clay,Green,36,17,19,8,552,638,Organic
29,74,62,8.40245671326107,Sandy,Black,50,20,5,12,993,580,Organic
20,62,57,6.895579744548104,Sandy,Black,31,27,28,9,666,674,NPK 20-20-10
28,76,70,7.178757050682107,Loam,Green,33,32,30,19,832,877,Organic
26,64,58,7.690986740720865,Clay,Oolong,39,35,7,7,1408,1252,NPK 20-20-10
29,80,51,8.428341421242017,Sandy,Black,29,19,29,7,875,712,NPK 5-10-5
21,78,62,6.290175469310178,Clay,Black,26,26,23,14,627,1352,Organic
30,60,53,6.586648245607693,Sandy,Green,48,36,14,16,905,1081,Organic
27,68,51,7.0520498128491695,Sandy,Green,37,38,11,19,1168,759,Organic
24,65,67,7.33490879919812,Sandy,Black,33,20,5,11,1424,876,NPK 20-20-10
30,74,55,6.459852649699775,Clay,Black,35,27,16,18,1484,1163,NPK 5-10-5
30,69,60,5.826002345594135,Clay,Oolong,27,35,24,18,1269,737,NPK 20-20-10
22,61,52,6.567243481712814,Loam,Green,27,27,6,6,584,1237,NPK 5-10-5
27,65,58,5.040231820653036,Loam,Black,25,21,14,8,1112,680,Organic
24,76,65,7.925912176666465,Loam,Oolong,46,30,17,15,1178,1418,NPK 20-20-10
28,74,54,7.651416301594143,Loam,Oolong,35,38,24,11,1045,1377,NPK 20-20-10
29,61,62,4.973246570428179,Sandy,Black,31,32,10,5,670,1085,NPK 20-20-10
25,63,55,6.007057658738777,Sandy,Green,29,26,17,12,1297,835,Organic
26,65,70,6.389091428750499,Clay,Black,38,17,13,16,1044,551,NPK 5-10-5
27,62,51,6.7575377125391745,Sandy,Oolong,37,27,6,12,661,806,Organic
28,80,61,7.205449222005899,Clay,Black,32,29,7,20,1448,975,Organic
29,79,56,4.870271614679312,Clay,Green,30,33,17,20,1453,937,NPK 20-20-10
30,78,59,8.438788397793239,Sandy,Green,50,40,25,13,1420,1153,NPK 5-10-5
20,77,69,8.091521994382317,Sandy,Green,40,27,28,9,1070,1114,NPK 20-20-10
24,70,67,5.353345414237272,Loam,Green,27,38,6,13,1125,954,NPK 5-10-5
24,64,66,4.819399137734125,Loam,Black,45,33,22,14,1226,1165,Organic
28,63,56,8.350807991704265,Clay,Green,40,21,24,16,619,1294,Organic
26,63,58,4.601250339330234,Clay,Green,25,32,29,17,1091,1352,NPK 5-10-5
29,73,60,8.047506584043672,Clay,Green,34,31,12,7,1320,512,NPK 5-10-5
25,67,52,6.182044051789003,Loam,Green,45,27,30,11,899,1037,NPK 5-10-5
27,79,57,5.225413226244534,Sandy,Oolong,44,19,23,17,1348,1431,NPK 5-10-5
20,80,52,6.343732351605311,Sandy,Green,38,40,12,20,1224,1369,NPK 5-10-5
25,65,53,4.616743087693671,Sandy,Black,27,26,29,18,1462,735,NPK 5-10-5
27,80,52,8.388502350806835,Clay,Green,40,22,20,7,1165,1182,NPK 5-10-5
24,63,53,5.592307540282034,Loam,Oolong,33,35,12,8,710,1071,NPK 5-10-5
29,63,61,8.40228210196185,Sandy,Oolong,28,35,24,15,1050,995,NPK 20-20-10
27,61,55,6.054170205769635,Loam,Black,25,34,8,11,624,1493,NPK 20-20-10
25,63,66,8.388648512178676,Sandy,Green,29,34,22,8,503,1266,NPK 5-10-5
22,69,67,6.6431769345399685,Loam,Oolong,45,23,8,16,1399,1258,NPK 20-20-10
22,64,67,5.794269067678226,Sandy,Oolong,25,24,26,8,610,654,NPK 5-10-5
21,79,64,7.649236107568621,Loam,Oolong,28,31,23,8,1393,690,NPK 20-20-10
26,69,55,6.001362255673708,Sandy,Oolong,34,39,18,8,1261,558,Organic
20,70,66,8.060010004669087,Clay,Green,41,17,9,20,1155,732,NPK 20-20-10
23,79,64,4.7126561983807544,Loam,Oolong,42,40,5,12,925,1462,NPK 20-20-10
25,76,63,5.914001986285461,Clay,Black,33,18,11,17,1091,1446,Organic
25,61,60,4.98445254377428,Clay,Oolong,45,35,5,17,671,767,Organic
25,73,56,5.709258854028203,Sandy,Green,40,22,21,8,1046,763,Organic
26,73,56,4.847574627245858,Sandy,Black,36,39,16,18,1080,502,Organic
20,79,55,6.840720197268341,Clay,Black,46,33,6,20,789,861,NPK 5-10-5
23,68,60,4.811508593792011,Loam,Oolong,50,28,8,12,586,797,NPK 5-10-5
28,63,55,7.42397561124116,Sandy,Green,50,40,12,13,1329,588,NPK 20-20-10
21,80,68,6.080218726771772,Clay,Oolong,47,39,28,17,1103,819,NPK 5-10-5
26,63,65,4.742968550144334,Sandy,Green,29,16,20,6,1353,676,Organic
21,80,66,5.981457989508355,Clay,Green,45,16,28,17,1282,1394,Organic
29,72,61,7.481898117694095,Sandy,Black,40,15,11,11,1145,651,NPK 5-10-5
24,69,67,8.30747922345206,Loam,Oolong,30,18,26,18,1389,613,Organic
28,61,56,8.478107669138213,Clay,Oolong,36,28,14,18,1099,810,Organic
29,71,66,5.969717011057286,Clay,Green,28,28,12,9,1150,1319,NPK 20-20-10
27,69,61,8.186647633707503,Clay,Oolong,44,30,26,10,1435,1374,NPK 20-20-10
25,66,57,8.427447988125067,Clay,Oolong,32,15,28,16,1413,874,Organic
23,78,53,7.724731884119015,Loam,Black,41,16,18,14,1008,517,NPK 5-10-5
28,65,52,5.718638267395888,Loam,Black,49,28,5,13,998,813,NPK 20-20-10
29,62,65,5.712573076813321,Clay,Oolong,37,23,21,5,1057,604,NPK 20-20-10
27,60,67,7.142672996961984,Clay,Oolong,35,23,21,12,571,996,NPK 5-10-5
23,78,56,7.546537374185254,Sandy,Oolong,34,20,23,13,1175,1420,Organic
27,72,51,5.270571591815971,Sandy,Oolong,37,23,11,18,642,559,Organic
21,77,67,4.777153808158715,Sandy,Green,48,18,27,13,1245,1032,Organic
24,73,62,5.64058714105424,Clay,Green,29,30,30,17,1290,1004,NPK 20-20-10
28,72,56,6.550994354416986,Sandy,Black,38,29,16,7,1295,545,NPK 5-10-5
30,73,59,6.697008919714843,Loam,Black,49,29,28,9,606,562,Organic
21,60,62,4.554436905157745,Clay,Green,26,25,5,12,1337,1337,Organic
26,79,51,5.901830776468827,Sandy,Green,37,39,13,7,1285,1178,NPK 20-20-10
29,65,70,6.51881497025283,Loam,Green,28,24,18,6,717,613,NPK 5-10-5
29,62,64,7.926942103167214,Loam,Black,44,18,17,13,1367,1149,NPK 20-20-10
24,65,60,7.816226839114606,Clay,Oolong,49,23,25,19,914,1046,NPK 20-20-10
20,73,59,6.147413534350205,Sandy,Black,42,15,23,6,1224,1490,NPK 5-10-5
22,66,51,7.352162030685687,Loam,Black,45,40,29,6,929,818,NPK 20-20-10
30,73,53,5.030499442053191,Loam,Black,48,33,10,14,540,514,NPK 20-20-10
26,60,56,8.283154059192949,Loam,Oolong,37,20,29,7,723,1498,NPK 20-20-10
29,64,59,7.27201448190405,Sandy,Green,31,18,19,15,768,1056,Organic
20,60,54,5.81800182435722,Loam,Black,43,16,6,8,724,1415,NPK 5-10-5
24,65,58,4.765667821578146,Loam,Black,48,31,6,14,1107,1119,NPK 5-10-5
28,75,62,8.27624763608879,Sandy,Green,30,32,14,15,585,881,Organic
24,68,62,5.18928235138965,Loam,Black,38,20,14,13,657,619,NPK 20-20-10
24,80,50,6.509796516942127,Loam,Black,49,17,20,16,700,1266,NPK 5-10-5
26,75,54,5.468730488151681,Clay,Oolong,42,28,15,11,1303,1226,NPK 5-10-5
29,75,51,4.983133093422594,Clay,Oolong,40,40,30,20,591,595,NPK 5-10-5
22,68,67,5.6379995962643035,Sandy,Oolong,48,27,16,17,575,1134,NPK 5-10-5
23,66,51,7.369314037471128,Loam,Oolong,45,34,5,7,1266,782,Organic
26,65,65,5.715791145981717,Clay,Black,43,37,6,6,1250,1093,Organic
29,70,61,7.753722712433545,Sandy,Oolong,30,18,29,17,946,604,NPK 5-10-5
30,70,68,6.141217346898939,Sandy,Oolong,38,24,16,6,535,1238,NPK 20-20-10
29,80,56,4.633092810523257,Clay,Green,34,40,6,5,1018,1095,Organic
25,69,63,5.357075338225897,Clay,Black,35,19,27,14,1330,942,NPK 20-20-10
21,66,56,6.911644080568198,Sandy,Black,50,22,25,7,871,592,NPK 20-20-10
27,76,59,8.141282823163781,Loam,Oolong,26,27,5,15,1445,1098,NPK 5-10-5
29,62,69,7.5831888468204145,Loam,Black,38,38,12,20,559,596,NPK 20-20-10
28,64,60,6.560930315966445,Loam,Oolong,27,17,8,19,537,1102,NPK 5-10-5
24,71,66,8.062895840660973,Clay,Black,38,19,21,16,762,1395,NPK 20-20-10
24,74,63,7.991097644488825,Clay,Green,29,37,12,6,1376,968,Organic
24,80,69,7.480247041617334,Clay,Oolong,33,27,7,16,1407,608,Organic
30,66,56,8.047964749669944,Clay,Oolong,37,36,28,5,1215,621,Organic
23,63,50,5.66264421136165,Clay,Black,28,24,26,20,1477,1409,NPK 20-20-10
30,74,69,5.6069892013206095,Loam,Green,44,38,29,16,1194,733,NPK 20-20-10
25,61,63,4.537372876576269,Loam,Black,32,27,30,18,1200,859,Organic
20,64,54,4.944409575963512,Sandy,Black,45,40,11,19,982,1084,NPK 20-20-10
25,79,51,6.498187352188374,Sandy,Black,49,37,26,12,1100,658,NPK 20-20-10
25,60,67,7.014853492699604,Clay,Green,27,23,30,16,1048,975,NPK 20-20-10
26,67,57,5.995119250257749,Clay,Green,29,20,15,8,1280,856,Organic
26,71,60,8.056664585331847,Clay,Oolong,28,16,7,9,1057,1440,NPK 20-20-10
20,77,66,6.306885420563718,Loam,Black,38,35,11,19,1455,945,Organic
26,67,57,8.43267640374099,Clay,Green,28,35,8,7,1299,1143,NPK 5-10-5
25,78,55,5.476906136472897,Loam,Black,34,27,20,16,1222,825,NPK 5-10-5
22,73,68,7.7820035957543165,Loam,Green,43,22,9,8,613,1486,NPK 20-20-10
25,63,55,7.267551909119073,Loam,Green,28,30,14,16,670,1419,Organic
23,70,52,6.597781938722564,Loam,Oolong,30,28,27,20,737,1186,NPK 20-20-10
23,75,63,4.721375115356206,Clay,Oolong,26,29,15,10,886,892,Organic
28,73,58,6.309823074456109,Clay,Black,43,40,12,10,722,868,NPK 5-10-5
24,73,66,6.265635942255711,Clay,Black,32,30,14,12,1260,1419,NPK 20-20-10
23,70,57,8.083796953468784,Clay,Green,29,15,18,12,1209,1315,NPK 5-10-5
24,66,56,5.736939364149142,Loam,Green,35,39,16,6,1479,1021,NPK 20-20-10
22,69,70,6.061141613539055,Loam,Green,27,18,17,16,970,1403,Organic
24,66,70,5.671115744204823,Clay,Oolong,30,34,20,12,986,1286,NPK 5-10-5
29,62,61,5.564910742800535,Clay,Green,28,18,10,9,1048,928,NPK 5-10-5
20,75,65,8.495000849029422,Loam,Green,31,30,16,20,689,1381,Organic
23,64,50,6.732746966389115,Loam,Black,37,21,27,14,1111,993,NPK 5-10-5
25,73,60,6.247242054304061,Sandy,Green,42,33,19,8,846,554,NPK 20-20-10
20,77,61,5.840322533898563,Loam,Black,26,35,23,14,741,1383,Organic
23,73,53,5.186471091210343,Clay,Green,34,26,26,15,750,504,NPK 5-10-5
26,78,52,5.906814837337198,Sandy,Oolong,26,31,15,6,637,1217,NPK 5-10-5
30,64,57,7.390524836699267,Loam,Green,49,15,29,10,1279,1373,Organic
26,63,64,7.894143763338954,Sandy,Green,35,15,21,17,550,836,NPK 20-20-10
20,74,58,6.232638186453393,Sandy,Green,36,32,29,15,601,1104,Organic
22,61,57,5.1051733866625355,Sandy,Black,46,40,17,14,1118,1004,NPK 20-20-10
27,66,64,6.081605196926121,Loam,Oolong,35,30,17,12,885,923,NPK 20-20-10
26,73,65,6.556793556779738,Clay,Green,41,33,19,9,617,583,NPK 5-10-5
23,60,52,7.088395259434633,Sandy,Black,35,25,5,11,1310,1428,NPK 5-10-5
20,80,63,5.632041585768888,Sandy,Black,29,33,23,12,805,616,NPK 5-10-5
23,65,66,7.246571764154631,Clay,Black,42,34,25,16,1208,761,NPK 20-20-10
28,74,51,6.7134554667069395,Sandy,Black,39,31,22,16,552,1334,NPK 20-20-10
26,69,60,6.189148686833816,Sandy,Black,31,35,21,6,1117,682,NPK 5-10-5
21,61,52,7.851011032697269,Sandy,Black,33,33,9,7,1088,805,Organic
23,65,58,6.6864862735478034,Sandy,Oolong,34,22,30,10,1465,594,Organic
22,61,63,6.6220967936688115,Clay,Black,42,31,26,20,736,563,NPK 5-10-5
25,76,69,5.551978655373249,Clay,Oolong,29,19,21,17,1448,811,NPK 5-10-5
27,76,58,6.7692282052553425,Clay,Black,43,36,17,8,838,1102,NPK 5-10-5
30,63,67,5.379983897855928,Loam,Green,50,33,28,6,518,1219,Organic
30,68,65,5.573534943246184,Loam,Oolong,27,27,17,15,1326,1043,NPK 5-10-5
28,63,53,7.865697712411087,Sandy,Black,49,27,21,19,716,673,NPK 5-10-5
26,77,63,5.843592852170389,Clay,Black,33,37,30,8,591,690,Organic
22,68,51,8.48006652219512,Sandy,Green,46,21,20,5,1153,1193,NPK 5-10-5
24,72,55,7.266992329819288,Loam,Green,40,31,19,9,1263,822,NPK 20-20-10
21,76,55,8.020688725667902,Clay,Oolong,44,23,21,9,777,970,NPK 5-10-5
26,61,52,5.376594937447178,Sandy,Oolong,32,29,12,6,964,912,NPK 20-20-10
22,69,55,5.672523251604385,Clay,Green,44,23,17,5,608,1135,Organic
23,68,70,6.782453914013923,Sandy,Green,38,16,25,11,1081,778,Organic
28,74,52,6.558993420115645,Loam,Black,32,38,11,15,1234,1249,NPK 5-10-5
22,65,60,6.9867514391169045,Clay,Oolong,39,31,21,5,958,1469,NPK 5-10-5
25,73,62,5.543857991077948,Loam,Green,42,16,24,5,1116,1497,Organic
29,79,64,4.5224250972211415,Loam,Oolong,33,24,19,15,698,829,NPK 20-20-10
25,68,70,5.0486043437876305,Loam,Oolong,45,16,8,11,1009,657,NPK 20-20-10
27,65,53,7.160638857868264,Clay,Green,29,21,18,14,599,592,NPK 20-20-10
20,64,50,7.6714929175031905,Sandy,Black,32,28,20,19,547,630,NPK 20-20-10
27,65,58,8.083942491210127,Sandy,Black,33,32,23,14,1348,1084,NPK 20-20-10
23,75,50,6.405308972932729,Loam,Green,27,16,16,13,1073,1222,Organic
22,73,54,5.3297747783233245,Loam,Green,33,28,19,14,1309,588,Organic
30,62,56,5.952784415520706,Sandy,Green,33,28,18,6,660,1445,NPK 20-20-10
22,62,64,6.968238611448248,Sandy,Oolong,35,39,13,15,534,919,NPK 20-20-10
20,71,70,4.738513880114901,Loam,Oolong,45,30,29,6,1066,703,Organic
21,69,60,6.171082814947196,Sandy,Green,26,29,12,20,770,737,NPK 20-20-10
28,78,57,6.651397753596765,Sandy,Oolong,43,33,19,12,645,1004,NPK 20-20-10
23,70,52,7.948967075463068,Loam,Green,39,18,17,11,607,1095,NPK 5-10-5
25,62,51,6.348339533465728,Clay,Green,37,38,16,10,657,1389,Organic
29,69,50,4.639653331029763,Loam,Oolong,45,15,14,19,730,1175,NPK 5-10-5
23,73,66,7.293412774885601,Sandy,Black,32,38,10,17,662,1471,NPK 5-10-5
30,65,53,7.259468252930202,Loam,Oolong,30,22,23,11,1480,1490,NPK 20-20-10
25,73,68,7.2249486865009604,Clay,Oolong,33,35,13,16,744,1132,Organic
28,76,69,6.2670985127864185,Sandy,Oolong,41,37,26,5,773,1307,Organic
28,63,67,8.139931096774728,Loam,Green,45,35,17,11,1472,1426,NPK 5-10-5
28,65,62,7.310931526744685,Loam,Green,25,39,21,5,832,1439,Organic
26,65,63,5.978405273263314,Sandy,Black,46,22,7,20,1090,597,Organic
22,66,66,7.012346530126564,Clay,Oolong,34,38,6,12,741,1279,NPK 5-10-5
20,65,58,8.094546034608047,Loam,Oolong,31,33,12,11,1297,1394,Organic
30,62,54,6.203492756034626,Sandy,Oolong,27,36,16,15,905,917,NPK 5-10-5
24,79,69,5.09664210913658,Sandy,Green,47,40,10,18,546,1273,NPK 20-20-10
22,61,67,5.286581500720656,Sandy,Oolong,45,39,16,13,552,503,NPK 5-10-5
29,76,67,5.151897474924898,Clay,Green,27,40,9,13,1427,950,Organic
25,74,51,7.0639789890964435,Sandy,Green,25,15,29,7,598,1331,NPK 5-10-5
22,65,51,5.045245447074133,Clay,Black,42,35,14,5,1199,842,NPK 5-10-5
21,64,53,8.454997930431233,Clay,Green,27,30,5,5,743,1446,NPK 5-10-5
22,61,67,4.932647213765799,Sandy,Green,49,32,9,7,1396,1011,NPK 20-20-10
25,65,55,8.021521962633349,Clay,Oolong,43,39,23,14,890,841,NPK 20-20-10
20,63,67,5.266386193768048,Loam,Black,34,23,6,14,1475,846,NPK 20-20-10
25,61,55,5.672052738825613,Clay,Green,43,21,11,16,1430,1104,NPK 5-10-5
20,78,63,6.359776008236507,Loam,Green,45,18,25,11,633,1301,Organic
20,62,60,7.146621757624279,Loam,Oolong,47,22,27,16,1482,1062,NPK 5-10-5
28,71,60,5.963077920199245,Loam,Oolong,40,19,29,8,1274,1461,NPK 5-10-5
28,80,61,8.151863143069809,Loam,Oolong,30,28,22,19,1032,742,NPK 5-10-5
26,64,52,5.642491045578433,Loam,Oolong,27,22,29,13,960,980,NPK 20-20-10
22,63,63,6.3781617933206896,Sandy,Green,28,22,19,13,1292,1059,NPK 5-10-5
28,76,59,7.9669602263288635,Clay,Black,38,39,9,18,933,960,NPK 5-10-5
22,62,51,7.656551558377954,Clay,Black,26,39,28,6,535,1273,NPK 20-20-10
22,76,65,6.245811726207647,Clay,Green,39,23,13,17,1256,678,Organic
25,71,56,4.676003281009523,Sandy,Black,30,23,6,10,1452,597,NPK 5-10-5
25,79,69,6.907139476165616,Loam,Green,46,28,12,10,565,936,Organic
27,74,66,4.535413913132064,Sandy,Oolong,36,33,16,16,1363,1414,NPK 5-10-5
25,61,69,5.740119543070749,Sandy,Black,47,17,7,18,855,583,NPK 20-20-10
21,66,68,6.603178927661501,Sandy,Green,43,22,12,5,1092,660,Organic
30,67,70,6.838614836808128,Clay,Green,42,24,15,14,1031,1329,NPK 5-10-5
27,63,55,8.339326933750295,Clay,Oolong,41,18,6,8,1435,858,Organic
24,77,62,6.802095006863556,Loam,Black,29,38,10,9,606,1150,Organic
30,79,52,5.761235051502639,Loam,Oolong,34,21,17,16,872,1476,NPK 20-20-10
23,60,60,4.977160411451816,Loam,Green,36,26,7,6,1180,1128,Organic
20,79,61,6.4686556947042675,Clay,Green,49,16,19,11,849,912,NPK 20-20-10
28,72,67,5.938293048631371,Loam,Green,45,38,14,12,1023,1338,Organic
29,80,53,7.981514866121949,Loam,Green,36,30,18,9,654,952,NPK 5-10-5
24,72,60,8.162799837729292,Loam,Black,38,29,26,14,1131,1051,NPK 5-10-5
29,64,55,7.899646213802431,Clay,Green,28,22,13,20,1427,1131,NPK 20-20-10
26,76,66,6.650420488731106,Sandy,Black,50,23,21,16,1230,1152,NPK 20-20-10
26,62,60,4.8466755857225525,Loam,Black,26,18,18,16,644,1087,Organic
26,65,69,4.958460597979844,Clay,Black,34,26,28,5,988,628,Organic
23,71,63,7.722567741372726,Loam,Green,45,39,20,10,1426,642,NPK 20-20-10
20,60,66,7.830169857669281,Sandy,Black,28,38,17,5,1065,681,Organic
30,62,60,6.025239583984848,Clay,Black,33,35,24,14,1026,1231,NPK 20-20-10
23,74,61,4.797195085144575,Clay,Oolong,37,27,29,12,1201,1191,NPK 5-10-5
29,76,63,7.0471558261023635,Sandy,Oolong,30,34,12,19,946,689,NPK 20-20-10
25,67,68,5.990470154557519,Clay,Oolong,49,23,28,17,863,518,NPK 20-20-10
27,61,64,6.994648663819409,Clay,Black,35,16,25,7,774,1304,Organic
23,68,53,6.530953941669521,Clay,Oolong,31,36,21,13,972,934,Organic
21,71,66,7.7775439486142295,Sandy,Black,48,23,9,10,562,973,Organic
23,79,58,6.948128272950198,Loam,Black,49,30,25,12,527,1372,NPK 5-10-5
26,62,65,5.1945521441970595,Sandy,Oolong,40,40,16,12,902,696,Organic
25,80,51,5.803725297506406,Loam,Black,42,37,29,19,1060,552,NPK 20-20-10
29,65,63,7.87244998710192,Sandy,Black,28,26,23,16,1402,956,NPK 5-10-5
23,65,58,7.9391174117689225,Loam,Black,43,35,14,5,644,1140,NPK 5-10-5
24,61,63,7.0696241663301205,Loam,Black,45,15,8,15,1025,662,NPK 20-20-10
29,65,52,7.317056120913273,Clay,Green,40,28,27,18,1093,1310,NPK 5-10-5
20,73,50,4.897548045381062,Clay,Oolong,31,34,13,7,1260,1461,NPK 5-10-5
23,65,55,7.663809299688339,Clay,Black,37,25,22,12,682,516,NPK 20-20-10
20,65,57,6.285347644238526,Clay,Green,43,18,12,8,1467,613,Organic
27,73,65,6.058869967004551,Clay,Green,29,31,25,8,534,686,Organic
28,73,64,5.93213514923808,Loam,Black,48,19,15,11,1425,792,NPK 5-10-5
27,74,66,5.590295421868365,Loam,Oolong,47,25,21,12,1189,751,NPK 5-10-5
27,78,59,7.918094910333261,Sandy,Green,36,27,19,8,586,785,NPK 5-10-5
30,79,64,5.484870086138083,Loam,Oolong,38,34,8,20,757,717,NPK 20-20-10
