Temperature,Humidity,Moisture,pH,Soil Type,Tea Type,Nitrogen,Potassium,Phosphorous,Size of land,Kilos Produced,Number of Bushes,Fertilizer Name,Number of Bags
22,62,65,5.7606042356663725,Loam,Green,25,31,5,6,1187,676,NPK 20-20-10,23
21,67,54,6.445847236469353,Sandy,Oolong,32,40,24,19,1379,997,NPK 5-10-5,27
22,73,67,5.115650611371131,Clay,Green,41,16,14,13,1382,1322,Organic,27
28,67,64,7.6260447381072805,Sandy,Black,37,29,22,10,1396,1349,Organic,27
25,61,64,7.343055712527939,Clay,Green,37,31,12,19,593,1407,Organic,11
30,73,50,7.537559488859733,Clay,Oolong,37,38,6,10,1319,990,NPK 20-20-10,26
29,70,69,6.021566959200851,Loam,Black,40,19,13,13,741,719,Organic,14
23,68,61,8.33525209102275,Sandy,Oolong,30,17,23,20,1383,1486,Organic,27
23,76,58,6.638778173232619,Loam,Oolong,41,19,23,9,763,1466,Organic,15
26,69,65,8.397204765210423,Sandy,Oolong,45,16,23,9,953,776,NPK 20-20-10,19
30,62,64,5.571568782325403,Loam,Black,43,19,8,7,1008,1411,NPK 5-10-5,20
24,72,54,8.270893886603709,Sandy,Black,48,38,14,17,949,1006,NPK 5-10-5,18
21,63,59,6.78171862282033,Loam,Green,34,30,21,12,1351,577,NPK 5-10-5,27
20,67,61,4.8332747714853115,Clay,Black,31,38,21,8,939,1082,NPK 5-10-5,18
28,66,51,8.439130210849616,Loam,Oolong,33,25,18,9,1237,645,NPK 5-10-5,24
29,66,57,6.070473134556071,Clay,Black,35,36,24,8,1086,928,NPK 5-10-5,21
30,61,50,5.265193473923899,Loam,Green,29,33,5,5,606,517,NPK 5-10-5,12
25,74,56,6.140491146866122,Clay,Black,26,33,28,17,1301,1228,NPK 5-10-5,26
30,68,65,5.103554130141001,Loam,Green,39,33,15,12,705,651,NPK 20-20-10,14
29,79,50,6.359875445003852,Sandy,Oolong,28,34,28,13,1342,1044,Organic,26
21,70,50,7.735851492382155,Loam,Black,42,33,12,10,1166,621,Organic,23
20,69,70,5.715479105519346,Clay,Black,43,40,12,19,888,516,Organic,17
30,66,51,5.262325053490418,Loam,Green,45,21,21,20,633,652,NPK 5-10-5,12
20,69,56,6.354966781680518,Sandy,Oolong,33,38,16,19,559,1279,NPK 5-10-5,11
21,62,54,8.128042403889268,Clay,Oolong,33,16,21,16,1168,1358,Organic,23
23,65,50,6.94245939986245,Loam,Black,42,15,19,5,1180,1335,NPK 5-10-5,23
20,63,65,7.50255680486361,Sandy,Black,27,18,25,5,1461,1413,Organic,29
30,74,59,5.6034291054390994,Clay,Green,27,25,11,8,759,1407,Organic,15
24,64,56,4.540538230409878,Sandy,Green,46,19,5,7,840,541,NPK 20-20-10,16
27,70,53,6.349455519860413,Clay,Oolong,43,31,30,18,858,681,NPK 5-10-5,17
27,68,61,6.543417481261981,Sandy,Oolong,34,28,19,5,619,1405,NPK 5-10-5,12
28,64,70,5.873708223208933,Loam,Oolong,33,38,21,19,1355,737,Organic,27
25,70,51,6.010006053055839,Clay,Black,45,40,6,5,558,734,NPK 5-10-5,11
22,67,61,5.231086369160286,Clay,Oolong,45,21,21,14,953,1221,NPK 20-20-10,19
23,70,64,5.272375915973983,Sandy,Oolong,41,17,14,16,851,514,Organic,17
24,73,64,6.832306596716989,Clay,Green,38,33,29,8,772,586,Organic,15
21,63,60,7.71403598371155,Loam,Black,36,17,13,5,591,698,Organic,11
23,64,55,8.108531676203858,Sandy,Black,44,27,13,10,1005,1364,NPK 20-20-10,20
29,64,64,6.006664581200058,Clay,Green,29,31,25,8,1071,1217,NPK 20-20-10,21
26,80,63,8.047332256293592,Clay,Black,50,27,22,8,1239,712,NPK 5-10-5,24
27,67,55,5.990783440804179,Clay,Oolong,30,23,16,16,934,1441,Organic,18
26,74,67,8.112621959226773,Sandy,Black,44,34,26,6,1398,1126,NPK 5-10-5,27
26,72,58,7.073531012473706,Loam,Oolong,41,23,5,14,1028,1040,NPK 20-20-10,20
25,61,54,5.735763170476433,Loam,Black,36,39,8,7,1056,1077,Organic,21
20,74,69,5.536727124690911,Clay,Black,35,24,21,9,1416,1329,NPK 20-20-10,28
24,62,68,8.359984458454537,Clay,Oolong,32,20,29,20,1154,830,Organic,23
30,65,50,8.045306155304434,Clay,Green,39,23,9,17,809,544,NPK 5-10-5,16
29,60,63,7.169713324506908,Loam,Black,33,32,9,15,1171,1020,Organic,23
20,78,58,7.146503958484592,Clay,Oolong,38,37,12,13,767,1306,NPK 20-20-10,15
27,67,52,7.347236144374581,Sandy,Oolong,49,31,9,12,1189,910,NPK 20-20-10,23
26,75,68,8.481407896816489,Sandy,Black,46,31,19,13,1055,1200,NPK 5-10-5,21
25,66,68,7.614091416268215,Loam,Green,40,16,11,20,1063,844,NPK 5-10-5,21
20,67,61,6.039331951235345,Loam,Black,49,26,21,8,1181,780,Organic,23
29,70,69,8.438240537244974,Sandy,Black,44,21,8,19,887,963,NPK 20-20-10,17
29,64,70,5.560441891878715,Clay,Black,32,18,19,13,1047,1411,Organic,20
21,76,57,6.276065056776909,Loam,Black,30,40,6,8,853,985,Organic,17
24,69,67,6.106451041534346,Clay,Black,45,31,25,9,1118,613,NPK 20-20-10,22
23,75,67,7.563767812126404,Loam,Oolong,41,24,17,18,788,918,NPK 5-10-5,15
30,66,51,7.3948690914311666,Loam,Green,45,30,18,11,795,1479,NPK 5-10-5,15
30,75,64,8.06255088762936,Sandy,Oolong,29,35,11,15,737,725,NPK 5-10-5,14
21,65,51,5.556516598304754,Loam,Green,28,33,22,15,833,1486,NPK 5-10-5,16
27,62,61,8.20916482564925,Sandy,Green,41,19,17,11,730,907,Organic,14
30,76,63,8.292566847368697,Loam,Oolong,45,31,9,5,1027,1112,NPK 20-20-10,20
30,70,63,5.095819293537159,Loam,Black,41,38,19,12,1033,1124,Organic,20
24,77,57,7.007296600107555,Sandy,Black,28,34,16,6,975,1342,NPK 5-10-5,19
30,62,70,6.6825117639878115,Loam,Oolong,26,25,11,16,1360,1246,Organic,27
23,74,52,6.597930619488071,Loam,Oolong,32,27,10,6,800,722,NPK 5-10-5,16
25,76,64,5.773333287629515,Clay,Green,38,34,7,13,1460,927,NPK 20-20-10,29
26,71,57,5.014823090530823,Sandy,Oolong,35,27,16,19,1263,776,Organic,25
22,76,69,5.958644323057446,Clay,Black,45,36,8,11,716,1074,Organic,14
22,80,65,7.313428803635099,Sandy,Oolong,39,35,26,5,773,572,NPK 5-10-5,15
27,71,70,6.622735942205416,Loam,Oolong,35,27,21,17,1420,1289,Organic,28
23,75,52,7.691594320321528,Clay,Oolong,50,16,10,20,1190,1331,NPK 5-10-5,23
30,62,59,7.881836571373965,Clay,Black,49,39,14,19,1399,942,NPK 5-10-5,27
27,75,63,5.168168709976639,Sandy,Black,34,27,15,18,1427,743,NPK 5-10-5,28
20,80,69,4.956510668202851,Clay,Black,33,34,23,6,1050,1174,Organic,21
25,61,52,7.916540490944305,Loam,Black,45,22,6,7,1106,1169,Organic,22
25,71,67,8.095367279625938,Clay,Oolong,34,29,28,20,1480,619,Organic,29
29,63,54,6.122135392076896,Sandy,Black,43,24,18,10,831,764,NPK 20-20-10,16
30,65,55,4.932705799356647,Clay,Oolong,28,27,15,6,809,675,Organic,16
23,80,69,5.981250233510632,Loam,Green,37,39,17,18,915,1475,Organic,18
27,72,64,7.278460615071722,Clay,Oolong,28,22,22,17,752,562,NPK 5-10-5,15
23,65,51,5.383233638345183,Clay,Oolong,25,29,28,17,533,819,NPK 20-20-10,10
25,75,61,7.104525493575856,Loam,Oolong,49,27,20,7,597,639,NPK 5-10-5,11
25,65,70,5.789040821960273,Clay,Oolong,41,30,27,15,1078,1342,NPK 5-10-5,21
20,68,70,6.0809925518161325,Sandy,Green,29,26,13,16,554,1207,NPK 20-20-10,11
25,76,65,6.4165707509348255,Sandy,Black,38,31,30,12,605,1381,NPK 20-20-10,12
20,67,65,5.073943838698465,Sandy,Green,26,29,24,19,572,561,NPK 5-10-5,11
24,71,60,8.410118521834075,Clay,Black,48,20,28,7,622,515,NPK 5-10-5,12
20,61,56,5.517566631642826,Loam,Oolong,27,32,30,11,877,553,Organic,17
28,67,66,5.735003087981826,Clay,Green,44,31,11,18,546,1321,NPK 20-20-10,10
23,63,58,5.335213608980883,Loam,Oolong,41,39,25,14,1131,1331,Organic,22
22,65,53,6.944060589625047,Loam,Green,41,35,21,13,1082,1450,NPK 5-10-5,21
20,64,70,4.796153739952427,Clay,Green,30,17,27,10,716,1455,NPK 5-10-5,14
23,60,64,7.706032114303805,Sandy,Oolong,35,39,17,15,1184,703,Organic,23
27,80,65,5.935849991657042,Loam,Oolong,33,27,8,12,747,980,NPK 20-20-10,14
21,63,63,5.599771733624562,Sandy,Green,36,35,25,16,1369,950,Organic,27
23,73,50,6.96174900917633,Sandy,Green,39,32,10,18,1060,1487,Organic,21
30,70,57,5.853599831170337,Clay,Black,37,40,17,10,1478,632,Organic,29
30,73,64,6.5724597038314165,Loam,Black,46,21,6,20,570,1195,NPK 5-10-5,11
25,72,70,5.260047994809202,Clay,Green,49,27,21,12,1074,1428,Organic,21
30,76,60,4.603743355655461,Loam,Oolong,41,37,7,20,1099,1440,Organic,21
21,60,53,7.279320704563627,Loam,Green,27,15,10,9,766,610,NPK 5-10-5,15
21,60,63,7.469455718108184,Clay,Green,44,36,21,19,1142,1378,NPK 5-10-5,22
27,62,61,8.41051568121436,Loam,Oolong,47,17,26,5,1362,1175,Organic,27
21,76,69,7.590442376786211,Clay,Black,45,39,15,19,615,900,NPK 5-10-5,12
30,67,62,5.37983384314564,Sandy,Oolong,25,26,20,7,1351,519,Organic,27
24,64,57,8.459961684491175,Sandy,Oolong,49,28,28,12,666,671,NPK 20-20-10,13
21,80,54,7.356166591453729,Sandy,Oolong,33,35,21,8,1027,908,Organic,20
30,66,68,7.868318133793015,Sandy,Black,27,19,10,5,1499,1337,Organic,29
30,77,64,4.629519327848364,Sandy,Black,29,36,17,18,623,567,Organic,12
20,74,57,4.788627666606024,Loam,Oolong,27,27,14,9,700,956,Organic,14
20,69,68,7.864997441966047,Sandy,Oolong,40,22,11,16,1207,720,Organic,24
22,65,50,5.11847759297255,Sandy,Black,46,39,11,11,1308,1201,NPK 5-10-5,26
20,71,51,7.994287241321615,Loam,Green,32,32,9,15,1056,1427,NPK 5-10-5,21
20,70,59,6.020869778050864,Sandy,Oolong,40,36,23,6,977,509,Organic,19
23,78,69,4.962289257203065,Sandy,Black,34,34,10,8,1110,1208,Organic,22
28,73,65,5.4383893031759225,Loam,Green,37,28,13,6,835,1152,NPK 20-20-10,16
27,68,69,5.043724081480464,Sandy,Black,46,28,29,5,1082,1417,Organic,21
29,79,55,7.175872610763997,Clay,Green,48,34,6,8,1184,534,NPK 20-20-10,23
26,66,61,6.33262403609619,Loam,Oolong,48,15,21,20,1364,557,NPK 5-10-5,27
28,70,50,6.693877773592794,Clay,Oolong,31,23,7,16,1442,1029,NPK 5-10-5,28
25,74,59,5.930308094076471,Clay,Oolong,41,32,19,16,589,1042,NPK 20-20-10,11
22,70,68,6.320239618699549,Clay,Black,27,23,17,10,1235,1412,Organic,24
26,66,67,6.317107310487144,Loam,Green,27,39,6,16,631,990,Organic,12
24,74,61,6.809682387614407,Loam,Green,25,20,5,14,1393,742,NPK 5-10-5,27
26,77,50,6.576697447145466,Sandy,Green,46,29,12,14,669,1424,Organic,13
24,70,57,5.5405154903878335,Loam,Oolong,30,22,25,17,1261,711,Organic,25
22,71,54,5.276990418444061,Clay,Black,28,36,7,15,992,648,Organic,19
30,69,63,4.564643420918797,Loam,Green,37,38,12,13,957,1419,NPK 20-20-10,19
29,62,65,5.351386618457487,Sandy,Green,43,32,18,13,836,1106,NPK 20-20-10,16
24,64,51,5.877783720719251,Clay,Black,33,38,9,18,1048,692,NPK 5-10-5,20
23,64,60,6.235947154513756,Loam,Black,29,22,15,20,1217,1310,NPK 20-20-10,24
28,75,70,8.02450608000938,Clay,Oolong,43,35,18,9,1029,1014,NPK 5-10-5,20
25,71,65,6.71269590912112,Clay,Green,49,33,5,6,1331,636,NPK 5-10-5,26
20,73,52,4.966410795807864,Clay,Oolong,39,19,11,12,796,1476,Organic,15
25,76,62,8.28121773514086,Sandy,Black,46,16,9,12,1116,822,NPK 5-10-5,22
28,73,55,5.34743004816929,Clay,Oolong,43,35,21,20,580,1214,Organic,11
23,75,63,5.949779192080257,Clay,Black,37,21,22,5,1237,1111,NPK 5-10-5,24
26,79,63,6.737258745244767,Clay,Green,38,25,13,6,1273,1308,Organic,25
22,71,57,5.78849723458893,Loam,Oolong,25,17,22,19,842,824,NPK 5-10-5,16
26,62,52,7.633943364791717,Loam,Oolong,36,23,24,10,879,909,NPK 5-10-5,17
30,72,52,7.9191764850795625,Clay,Green,26,39,28,15,1360,1203,Organic,27
30,74,54,6.9833998877675825,Loam,Oolong,50,24,6,8,918,763,Organic,18
28,73,58,5.7880677619015195,Clay,Green,37,37,13,17,1400,935,NPK 5-10-5,28
26,75,55,4.512542033033243,Loam,Green,50,21,11,13,1168,1479,NPK 5-10-5,23
25,80,64,5.103607091568544,Loam,Green,42,31,11,13,552,887,Organic,11
25,62,55,6.045274491581439,Sandy,Green,48,30,30,9,1170,799,NPK 5-10-5,23
28,74,65,7.096850431921157,Clay,Green,39,40,13,15,1202,1379,NPK 5-10-5,24
24,79,66,5.8732506960648685,Clay,Green,27,19,8,14,637,673,Organic,12
23,74,57,7.745840674951674,Clay,Green,43,38,8,10,1276,1325,Organic,25
25,62,70,7.666044252626934,Loam,Green,48,27,14,9,1109,610,NPK 20-20-10,22
22,70,67,4.802866203097155,Sandy,Black,32,33,18,15,546,792,Organic,10
23,75,59,4.626211340511359,Sandy,Green,36,40,12,17,946,508,Organic,18
20,61,59,8.055654760306595,Loam,Green,35,15,8,11,637,648,NPK 20-20-10,12
28,66,70,8.428471418476775,Clay,Black,50,22,15,17,1437,764,NPK 20-20-10,28
25,80,62,8.080387016609254,Loam,Black,35,19,17,12,1218,1286,Organic,24
27,66,63,6.099737630909223,Clay,Green,46,31,22,18,612,1010,Organic,12
24,72,63,6.435452826153089,Clay,Black,26,22,25,8,933,629,Organic,18
24,66,57,5.529211813645411,Loam,Black,33,21,14,15,717,883,Organic,14
26,60,70,8.190796738953072,Loam,Green,47,33,25,16,550,1284,Organic,11
22,78,53,5.545271370832624,Sandy,Oolong,42,28,6,7,1491,1268,Organic,29
26,70,60,8.331165566850633,Loam,Black,50,28,27,15,1347,859,Organic,26
22,79,61,6.3767540761236265,Sandy,Green,29,39,18,15,775,583,NPK 5-10-5,15
26,65,51,8.010929376016493,Clay,Green,46,35,30,15,1130,1211,NPK 5-10-5,22
23,66,54,4.639696478211477,Sandy,Oolong,48,40,6,19,1093,874,NPK 20-20-10,21
26,77,51,7.015249073962115,Loam,Green,41,29,28,16,640,1499,NPK 20-20-10,12
28,61,50,6.954845872218535,Sandy,Oolong,49,34,20,15,1396,1309,NPK 20-20-10,27
28,61,51,4.759662099950178,Loam,Oolong,31,31,17,20,572,693,Organic,11
24,72,56,5.400735394995651,Clay,Oolong,39,24,17,17,1371,998,Organic,27
25,75,59,5.819401944961142,Clay,Black,31,36,16,8,732,827,NPK 5-10-5,14
26,60,55,4.919785432003447,Loam,Black,35,38,14,20,1186,1471,Organic,23
28,69,62,8.482215109193916,Sandy,Green,32,37,28,14,1043,804,NPK 20-20-10,20
20,73,50,5.118264300190475,Loam,Green,35,36,24,15,1020,1019,NPK 20-20-10,20
25,79,61,5.492788282297619,Clay,Black,49,33,26,6,1086,1284,NPK 20-20-10,21
23,63,67,8.051189416010128,Loam,Green,47,30,22,16,1153,1441,NPK 20-20-10,23
20,60,51,4.508120063261202,Loam,Black,33,24,12,10,1180,965,NPK 20-20-10,23
27,72,66,7.248571772554978,Sandy,Green,50,24,14,18,1077,955,Organic,21
21,65,53,7.877395185311293,Clay,Black,35,32,12,9,761,1303,NPK 20-20-10,15
24,75,54,7.672310947178447,Sandy,Oolong,37,21,13,9,695,1383,Organic,13
28,61,55,8.077262521129994,Loam,Black,40,30,25,14,1097,1239,NPK 20-20-10,21
29,69,57,4.746094483379855,Clay,Oolong,47,39,18,15,1386,621,Organic,27
24,72,68,8.266131978920264,Sandy,Oolong,31,39,20,11,703,781,Organic,14
24,65,57,6.405061882342839,Sandy,Black,26,37,30,10,1393,1037,Organic,27
21,65,51,5.222981077402239,Clay,Black,45,17,12,5,1124,571,Organic,22
29,63,64,7.631589366900691,Clay,Oolong,27,26,29,15,1231,1069,NPK 5-10-5,24
24,80,58,6.536410057631855,Clay,Black,49,21,16,9,582,1473,NPK 20-20-10,11
23,60,67,6.298166412034297,Loam,Black,48,40,25,10,876,1048,NPK 5-10-5,17
24,77,64,5.93834623511318,Sandy,Black,30,22,7,13,1158,1383,NPK 5-10-5,23
29,60,63,5.411857023173864,Clay,Black,28,29,6,13,1121,914,Organic,22
23,61,65,7.661763638999831,Sandy,Oolong,50,28,5,19,553,1047,NPK 20-20-10,11
22,74,59,6.128169863161656,Sandy,Oolong,40,35,7,5,743,1011,NPK 5-10-5,14
29,67,54,8.390968194118935,Sandy,Green,38,36,27,6,608,676,NPK 5-10-5,12
25,60,58,8.37605017742724,Clay,Black,29,16,25,18,1229,935,NPK 5-10-5,24
27,68,65,6.432104057698572,Loam,Black,26,39,12,16,987,1377,NPK 20-20-10,19
20,71,54,7.1932808925092715,Loam,Oolong,34,24,24,12,1177,780,NPK 20-20-10,23
29,61,66,8.021452307137691,Sandy,Green,34,34,12,15,1368,1310,Organic,27
25,73,68,7.635062327309116,Clay,Green,40,31,9,11,1223,1283,Organic,24
24,67,69,6.894148839498447,Sandy,Black,45,26,5,8,1355,670,NPK 20-20-10,27
27,66,60,5.042365430645463,Clay,Black,40,19,28,17,1314,947,Organic,26
21,77,58,6.711332777516578,Loam,Black,35,20,20,19,1137,1264,NPK 20-20-10,22
25,71,57,5.811845501777137,Loam,Black,39,33,29,19,1026,1423,NPK 20-20-10,20
25,62,50,6.625237072868929,Sandy,Green,46,20,25,19,875,1442,NPK 20-20-10,17
25,79,50,8.043184160466904,Clay,Oolong,31,37,27,5,674,772,NPK 20-20-10,13
22,63,50,5.984404001285736,Loam,Green,40,28,17,20,842,1210,NPK 5-10-5,16
29,65,59,6.522806681179219,Sandy,Oolong,42,16,10,20,899,978,NPK 5-10-5,17
22,70,56,5.512965965960189,Sandy,Oolong,29,37,28,6,837,1457,Organic,16
30,80,59,6.230994758830938,Sandy,Black,46,26,26,15,561,744,NPK 5-10-5,11
20,75,65,7.238935420296189,Sandy,Oolong,31,38,25,15,1462,1006,NPK 5-10-5,29
23,61,53,5.526467525688148,Sandy,Green,44,30,10,16,1068,1467,Organic,21
26,70,52,7.8876264015977515,Sandy,Green,26,17,13,15,1438,1334,NPK 20-20-10,28
26,72,67,5.655862179277156,Loam,Black,47,24,12,14,816,1464,NPK 20-20-10,16
25,62,62,6.914478779223391,Clay,Green,38,17,29,20,601,868,NPK 5-10-5,12
27,67,68,7.3503812610134585,Loam,Oolong,45,38,26,20,669,532,NPK 20-20-10,13
20,73,70,7.072526712230577,Sandy,Green,44,15,18,17,1492,1208,Organic,29
30,71,51,7.999479441529857,Loam,Black,46,26,10,15,1332,746,NPK 5-10-5,26
21,63,58,8.301514706173586,Sandy,Green,30,19,25,9,709,1089,NPK 20-20-10,14
27,72,68,6.52751371805447,Sandy,Green,41,26,6,13,1287,1181,Organic,25
26,63,52,6.963270015308243,Loam,Oolong,42,30,19,6,1452,714,NPK 5-10-5,29
22,64,58,7.1585217208591105,Loam,Oolong,49,33,26,5,1412,551,NPK 20-20-10,28
20,60,66,6.023091867286307,Loam,Oolong,29,35,17,20,1439,946,NPK 20-20-10,28
24,64,56,5.751740716857733,Loam,Oolong,29,32,5,13,738,1329,NPK 20-20-10,14
27,61,56,7.637563156958516,Sandy,Green,26,34,17,5,616,1213,NPK 5-10-5,12
30,73,59,8.008212786626363,Loam,Green,43,36,8,11,799,676,NPK 20-20-10,15
21,62,67,8.41022355307007,Clay,Green,26,38,9,5,590,1153,NPK 5-10-5,11
28,64,50,6.017197904523983,Sandy,Oolong,37,29,26,10,1156,1011,NPK 5-10-5,23
29,74,63,5.157777734958122,Loam,Black,36,30,21,10,1448,771,NPK 20-20-10,28
29,80,69,8.205046377216043,Clay,Black,27,15,10,6,917,980,NPK 5-10-5,18
30,67,53,6.436242054802188,Sandy,Oolong,47,21,8,17,1134,1238,NPK 5-10-5,22
20,63,54,8.073668900721366,Loam,Oolong,38,28,19,17,611,684,NPK 20-20-10,12
23,61,64,4.578793879968696,Loam,Green,49,17,22,5,1143,1402,NPK 5-10-5,22
24,71,54,4.716808004350128,Loam,Green,46,39,8,8,730,915,Organic,14
25,64,51,5.641031734689296,Loam,Oolong,25,30,13,14,1432,717,NPK 5-10-5,28
27,78,51,4.681853148896735,Clay,Black,28,15,10,16,1486,633,NPK 20-20-10,29
24,64,64,7.258517098653291,Loam,Oolong,26,35,23,6,874,1422,NPK 5-10-5,17
28,71,54,6.7805779048054955,Sandy,Green,50,22,8,17,890,870,NPK 5-10-5,17
26,70,50,5.237053616796919,Loam,Oolong,37,34,5,10,1392,596,Organic,27
22,62,65,7.986587023536925,Clay,Oolong,32,26,20,11,902,535,NPK 5-10-5,18
22,74,62,6.0606624647651675,Clay,Oolong,28,34,14,9,1454,1154,Organic,29
24,67,51,8.264627341206,Loam,Oolong,42,21,17,19,919,653,NPK 5-10-5,18
27,68,55,6.485926421991633,Clay,Black,49,21,24,16,931,1181,NPK 5-10-5,18
29,63,54,5.8450480239475935,Loam,Black,29,20,28,6,1337,1325,Organic,26
29,60,53,6.34528415966687,Clay,Oolong,30,39,23,18,1268,1198,NPK 5-10-5,25
25,62,69,7.149182274555585,Clay,Black,31,20,7,16,820,1075,NPK 5-10-5,16
20,71,50,7.567086462445753,Loam,Oolong,50,20,19,19,681,1101,NPK 20-20-10,13
27,66,64,7.3433453133161635,Loam,Oolong,25,20,19,7,1058,1368,NPK 20-20-10,21
20,71,68,6.871064940187307,Sandy,Black,45,17,11,16,1356,1476,NPK 5-10-5,27
24,74,53,5.020752415156433,Loam,Oolong,30,28,21,12,526,1078,Organic,10
23,64,61,6.499438122803463,Sandy,Green,48,22,23,18,1167,671,NPK 5-10-5,23
28,77,56,8.47200851469533,Loam,Black,35,17,22,15,772,640,NPK 20-20-10,15
26,80,59,8.053896116556013,Sandy,Oolong,47,18,30,5,905,1460,Organic,18
24,73,52,8.410017065066752,Loam,Oolong,42,34,20,5,641,639,NPK 20-20-10,12
28,66,63,6.707761914269135,Sandy,Black,33,19,28,6,558,656,NPK 5-10-5,11
29,67,50,7.870401823203362,Loam,Oolong,26,23,17,20,1430,1306,NPK 20-20-10,28
27,64,61,7.901439049580804,Clay,Green,33,25,13,17,1078,1478,NPK 5-10-5,21
21,80,52,5.574017873106264,Loam,Black,35,37,26,10,1006,724,NPK 5-10-5,20
23,61,63,8.264608459864746,Sandy,Black,45,18,27,17,927,984,NPK 5-10-5,18
26,70,51,8.232204137150998,Loam,Oolong,27,40,28,17,805,1498,NPK 20-20-10,16
28,78,52,7.783045303998887,Sandy,Green,42,26,18,16,610,857,NPK 5-10-5,12
23,71,52,6.198054043294473,Sandy,Oolong,37,26,30,13,1228,1161,NPK 5-10-5,24
24,78,57,4.700921317187776,Clay,Oolong,29,26,10,16,944,1197,NPK 5-10-5,18
27,75,68,6.657654739098381,Sandy,Black,38,15,29,9,1416,844,NPK 5-10-5,28
28,63,52,4.9927000674190305,Clay,Oolong,50,30,17,12,1155,788,NPK 20-20-10,23
23,65,56,7.532561221566579,Loam,Black,49,35,12,14,910,755,Organic,18
22,74,59,6.323929905700399,Clay,Green,26,34,17,10,1279,666,NPK 5-10-5,25
28,67,59,8.256937240663353,Clay,Oolong,34,40,13,9,915,1200,Organic,18
29,63,55,6.580261438271192,Loam,Black,28,36,17,6,1441,599,NPK 5-10-5,28
22,75,65,8.058505387446441,Loam,Oolong,31,21,25,19,1010,1185,NPK 5-10-5,20
29,65,66,5.3987110220214625,Clay,Oolong,32,28,29,17,1410,1067,NPK 20-20-10,28
28,65,70,4.996154102210528,Clay,Oolong,38,32,18,20,1094,994,NPK 5-10-5,21
27,65,62,5.661060155973717,Sandy,Green,32,29,17,15,950,1017,NPK 20-20-10,19
25,77,60,4.5680970276141295,Sandy,Black,35,37,11,19,1226,1003,Organic,24
26,71,58,8.065815430286627,Sandy,Green,25,25,16,14,1377,1131,Organic,27
24,62,64,5.366795559742602,Sandy,Green,48,32,12,12,541,1095,NPK 5-10-5,10
26,60,66,5.75721595837119,Loam,Green,33,33,23,9,854,592,NPK 20-20-10,17
28,69,64,8.062584648856202,Clay,Black,26,24,6,17,1481,802,NPK 5-10-5,29
30,78,51,8.22919350884997,Clay,Black,48,23,27,17,599,755,NPK 20-20-10,11
29,66,65,4.734970798959156,Clay,Green,35,26,23,12,1188,603,Organic,23
30,76,69,8.244149471971909,Sandy,Oolong,36,16,19,6,1471,948,NPK 5-10-5,29
25,79,53,5.513377554156175,Clay,Oolong,50,26,11,16,1420,757,NPK 5-10-5,28
30,77,65,5.355829427798936,Loam,Black,49,30,26,20,588,613,NPK 5-10-5,11
30,71,62,8.4054240209851,Loam,Oolong,40,35,6,6,893,1455,NPK 5-10-5,17
25,76,67,8.14424537186626,Clay,Black,37,31,21,20,897,842,Organic,17
23,64,59,5.161667134481294,Sandy,Green,34,36,21,13,919,759,Organic,18
22,61,52,6.848324435964514,Loam,Black,48,18,30,19,660,1451,NPK 5-10-5,13
30,65,70,6.936721448048125,Clay,Black,47,34,17,14,1066,985,NPK 20-20-10,21
24,62,55,6.6034958732690505,Loam,Green,42,32,23,18,553,597,NPK 5-10-5,11
23,75,52,8.423083851865053,Clay,Oolong,31,39,12,19,841,1495,NPK 5-10-5,16
20,60,63,7.514062762900504,Loam,Oolong,27,30,9,15,971,688,NPK 20-20-10,19
23,68,67,6.360648916763958,Clay,Oolong,37,27,6,8,1225,672,NPK 20-20-10,24
25,63,61,8.272309793294827,Sandy,Oolong,40,34,7,11,1082,700,Organic,21
27,70,50,7.514651475311442,Loam,Black,25,32,5,13,1241,925,NPK 5-10-5,24
25,78,56,7.7908926243099295,Clay,Oolong,41,20,11,7,1280,897,NPK 20-20-10,25
27,69,53,6.405900509783441,Clay,Green,43,36,11,20,651,956,NPK 20-20-10,13
28,66,58,8.342768832729437,Sandy,Green,43,16,8,17,1303,1028,Organic,26
30,62,65,8.105329979577732,Clay,Green,26,22,6,5,966,1079,NPK 20-20-10,19
29,72,52,7.051841779077793,Clay,Oolong,25,24,20,14,686,880,Organic,13
29,73,62,8.055667321247174,Loam,Green,34,36,10,20,838,1473,NPK 20-20-10,16
28,61,62,7.22972216586174,Loam,Oolong,25,17,9,10,1200,1360,NPK 20-20-10,24
26,62,55,6.494504013609518,Loam,Black,49,30,12,15,832,952,NPK 5-10-5,16
20,67,68,5.858365430075207,Clay,Green,30,34,6,16,971,821,NPK 20-20-10,19
29,63,52,8.115011690213155,Loam,Black,46,32,15,16,1192,904,NPK 20-20-10,23
23,64,70,7.968768532310557,Clay,Green,40,29,25,16,992,575,NPK 20-20-10,19
30,76,54,4.755155022834584,Loam,Green,39,36,21,9,974,1146,NPK 20-20-10,19
21,71,62,5.9393427003483685,Loam,Green,38,31,11,14,874,1081,Organic,17
21,66,51,5.229921125209532,Loam,Green,49,19,21,18,758,1047,Organic,15
26,75,61,7.927612914172244,Loam,Green,44,21,25,19,850,948,NPK 20-20-10,17
26,62,50,6.290521927259379,Clay,Oolong,41,24,25,7,1129,611,NPK 5-10-5,22
23,77,57,4.871559596156068,Loam,Oolong,47,36,25,15,1318,801,NPK 20-20-10,26
22,71,56,6.699355419048057,Sandy,Green,40,37,8,14,1420,1092,NPK 20-20-10,28
30,63,62,8.198315310552664,Sandy,Black,43,18,17,15,691,926,NPK 20-20-10,13
23,66,59,4.6202958082994865,Sandy,Oolong,28,33,23,18,588,1334,NPK 20-20-10,11
30,65,54,8.206983733631155,Clay,Oolong,42,28,24,7,1028,1194,NPK 5-10-5,20
28,71,61,6.479498421364567,Clay,Green,45,31,24,18,1112,810,NPK 5-10-5,22
21,64,67,4.640688082381558,Sandy,Black,40,30,20,14,1469,936,Organic,29
21,65,54,7.913885839618059,Sandy,Black,40,29,6,10,703,1147,NPK 5-10-5,14
25,64,55,7.256912375738461,Loam,Black,33,25,27,16,1354,1153,NPK 5-10-5,27
25,64,65,6.904138202327529,Loam,Black,42,20,30,11,624,834,NPK 20-20-10,12
24,63,59,6.675807882980108,Loam,Oolong,43,27,23,19,832,868,NPK 5-10-5,16
27,63,70,5.754194037938155,Sandy,Black,42,24,22,14,1204,1417,NPK 20-20-10,24
24,62,55,5.299830896433464,Clay,Black,44,36,16,13,1247,633,NPK 5-10-5,24
28,63,53,5.3886860900415225,Sandy,Green,42,31,10,14,980,807,Organic,19
27,75,50,7.152555945457131,Loam,Black,25,31,22,20,1232,908,NPK 20-20-10,24
25,77,51,5.150547858102005,Clay,Green,48,34,19,14,1424,1439,NPK 20-20-10,28
23,62,57,8.237984391363021,Clay,Green,35,31,12,9,817,1301,NPK 20-20-10,16
22,63,52,8.233407676033025,Clay,Green,30,32,27,10,839,1429,NPK 20-20-10,16
30,70,70,5.305909584740914,Clay,Green,45,39,10,13,857,1461,Organic,17
30,73,56,6.026487479029716,Sandy,Black,37,33,13,11,719,514,NPK 20-20-10,14
29,78,64,7.484042339048617,Sandy,Green,40,25,29,5,572,1357,Organic,11
28,68,65,6.559639307541241,Clay,Green,31,37,10,17,745,964,NPK 20-20-10,14
29,71,52,5.651002923899911,Clay,Green,31,16,20,20,822,1124,NPK 5-10-5,16
27,71,50,8.208528919747557,Sandy,Green,40,22,19,6,957,680,NPK 5-10-5,19
26,68,61,7.8244216442659935,Sandy,Black,46,32,9,20,691,990,NPK 5-10-5,13
20,77,60,6.599388362171542,Loam,Green,25,31,29,7,592,1355,Organic,11
27,72,69,6.2852290253924075,Clay,Green,49,27,21,5,1347,1028,NPK 20-20-10,26
29,70,66,8.007749203954724,Loam,Green,38,28,20,20,1241,1436,NPK 20-20-10,24
24,61,70,6.392337142766947,Sandy,Oolong,42,18,8,14,793,646,Organic,15
27,72,53,4.571686665863207,Sandy,Green,43,30,30,18,1039,955,NPK 20-20-10,20
23,61,64,6.277804580884296,Clay,Oolong,28,24,20,13,1127,891,NPK 20-20-10,22
24,72,53,7.338508945480047,Clay,Black,39,24,8,12,715,1382,NPK 5-10-5,14
26,65,70,7.141084289021039,Clay,Green,50,32,16,10,614,868,Organic,12
25,60,59,4.900010792923032,Loam,Black,28,28,17,9,955,621,Organic,19
23,76,51,7.1701832343959975,Sandy,Green,38,15,21,14,640,820,Organic,12
29,77,51,6.34528765485237,Sandy,Black,39,30,22,8,840,839,Organic,16
28,60,53,5.9915675341032575,Sandy,Green,28,25,6,5,1313,1392,NPK 20-20-10,26
25,67,61,6.580554081309399,Loam,Oolong,34,29,15,20,976,1313,NPK 20-20-10,19
25,69,65,4.7893403955220215,Sandy,Oolong,43,30,16,18,884,1225,Organic,17
24,80,65,5.924715358567253,Sandy,Black,35,30,11,11,532,640,NPK 20-20-10,10
29,71,50,7.196156884656741,Clay,Black,29,19,13,11,586,1295,NPK 5-10-5,11
23,67,52,5.86670940548326,Loam,Black,26,22,8,6,601,874,NPK 20-20-10,12
21,72,65,8.139753577284637,Loam,Black,25,28,26,17,562,552,NPK 5-10-5,11
28,63,69,5.0292313851766215,Sandy,Oolong,47,25,5,7,700,1354,Organic,14
25,68,65,7.261069192880319,Clay,Black,25,38,21,15,1072,1344,NPK 5-10-5,21
28,64,56,7.056525574959408,Clay,Oolong,41,40,20,17,564,911,NPK 5-10-5,11
26,73,66,5.068184615351559,Clay,Green,26,17,20,20,1342,1318,NPK 20-20-10,26
24,62,65,6.370937308362127,Loam,Oolong,43,39,15,18,1363,1297,Organic,27
23,64,59,5.135924834579348,Sandy,Oolong,44,16,21,12,998,959,NPK 20-20-10,19
23,76,56,7.397993082188073,Sandy,Green,37,31,27,14,642,1473,NPK 20-20-10,12
23,70,50,5.997671689112044,Loam,Black,49,40,9,17,744,1199,NPK 5-10-5,14
23,80,55,8.329523968756398,Clay,Black,43,31,24,13,1101,706,NPK 5-10-5,22
28,63,56,7.059002282652109,Loam,Green,47,15,22,8,1431,1229,NPK 5-10-5,28
24,64,52,8.419853439369414,Clay,Green,41,32,12,12,1375,1043,NPK 20-20-10,27
24,80,53,4.594252545660814,Loam,Black,32,30,24,12,564,1037,NPK 20-20-10,11
24,68,53,5.677841800147082,Loam,Oolong,35,31,16,14,621,753,NPK 20-20-10,12
26,62,60,8.024376340636998,Sandy,Black,25,30,10,13,1299,1369,NPK 5-10-5,25
22,74,53,4.620551235737361,Sandy,Black,48,39,21,15,992,540,NPK 5-10-5,19
26,69,54,7.1911050344679,Clay,Green,37,40,7,13,1179,1428,Organic,23
23,61,64,7.69455682581969,Clay,Oolong,26,34,24,6,1052,983,NPK 20-20-10,21
23,80,58,8.35163964651657,Clay,Green,40,37,23,6,556,1485,NPK 5-10-5,11
25,78,70,8.322309974158342,Loam,Black,38,26,29,19,874,848,NPK 5-10-5,17
20,72,59,8.078349683069625,Loam,Black,42,15,5,13,711,777,NPK 5-10-5,14
21,72,65,8.215130066162498,Loam,Green,45,23,30,17,745,908,NPK 20-20-10,14
27,62,55,8.064409975764562,Loam,Green,47,39,16,13,1282,1126,NPK 20-20-10,25
24,72,51,7.066122206439649,Sandy,Oolong,44,16,28,13,987,1484,NPK 20-20-10,19
29,68,59,7.363942653952291,Sandy,Black,45,30,6,15,1349,566,Organic,26
20,62,69,7.40948594742495,Loam,Oolong,39,17,5,13,1220,657,NPK 5-10-5,24
29,72,67,5.1763612939012145,Loam,Black,47,23,27,20,524,939,NPK 20-20-10,10
21,74,58,8.380452068939455,Loam,Black,41,39,20,5,734,969,Organic,14
22,74,55,7.2956173352437785,Clay,Green,26,31,30,10,887,1372,NPK 20-20-10,17
30,77,67,5.577338352216106,Clay,Black,32,33,27,13,1058,1228,NPK 5-10-5,21
26,74,55,6.285241927054146,Loam,Oolong,29,25,6,18,1147,1308,NPK 5-10-5,22
26,72,61,6.576020109470058,Clay,Black,43,36,28,15,1087,781,Organic,21
27,68,61,4.964089044439374,Clay,Green,31,29,14,14,979,636,Organic,19
21,77,52,4.6106955500283995,Clay,Oolong,36,31,9,18,1316,1152,Organic,26
22,73,67,5.017819779881416,Clay,Oolong,34,39,6,7,838,681,NPK 20-20-10,16
30,61,61,7.420671534422821,Sandy,Green,44,27,12,8,1119,711,NPK 5-10-5,22
28,60,64,6.989107528092583,Loam,Oolong,36,29,6,8,809,1054,NPK 20-20-10,16
30,70,61,5.5657037510785,Loam,Oolong,33,26,30,11,711,1384,NPK 20-20-10,14
23,65,51,7.336303071178501,Sandy,Black,43,16,24,19,912,1291,NPK 20-20-10,18
27,75,58,6.420532169819104,Clay,Oolong,30,34,13,12,604,720,NPK 5-10-5,12
28,65,61,5.826710185103551,Clay,Green,39,31,8,11,694,586,Organic,13
27,66,50,5.193425824953119,Loam,Green,25,22,20,11,1485,1434,NPK 20-20-10,29
27,65,59,5.253367525834506,Sandy,Green,28,36,22,17,1327,863,Organic,26
20,65,66,6.836716131322215,Sandy,Oolong,25,40,6,12,1236,1337,NPK 5-10-5,24
22,71,58,8.376892323540583,Clay,Oolong,48,17,24,6,759,597,Organic,15
22,71,63,8.153819373346067,Clay,Oolong,28,22,21,8,966,1479,NPK 5-10-5,19
30,65,50,6.751881161296836,Loam,Black,40,25,23,19,964,1483,Organic,19
20,69,58,6.880346990799884,Clay,Oolong,32,37,22,12,1105,1298,NPK 20-20-10,22
26,62,56,6.323896250671884,Loam,Green,25,36,6,9,952,1031,NPK 5-10-5,19
24,63,67,5.764799920101531,Clay,Black,48,31,11,17,1273,1291,Organic,25
27,80,50,5.717530609893899,Loam,Black,35,31,7,5,1093,1179,NPK 5-10-5,21
22,65,70,5.2476337970648235,Sandy,Green,32,37,27,20,991,840,NPK 5-10-5,19
21,62,70,7.063952263198001,Loam,Green,27,34,15,20,1057,875,NPK 5-10-5,21
22,65,50,7.214466459936254,Clay,Oolong,29,19,15,7,956,616,NPK 5-10-5,19
24,62,52,6.249903289797086,Clay,Black,48,16,30,13,708,1379,NPK 5-10-5,14
21,68,62,5.163105603677411,Sandy,Black,30,18,7,5,1035,646,NPK 5-10-5,20
22,61,55,5.282465477958345,Loam,Black,26,21,12,7,1332,944,NPK 5-10-5,26
26,69,59,7.679247197800102,Loam,Black,27,38,20,14,1396,1158,Organic,27
21,71,51,4.7705918771333495,Sandy,Black,50,21,19,17,1073,577,NPK 5-10-5,21
29,75,63,7.245092907281004,Loam,Black,31,39,28,12,677,940,Organic,13
26,78,63,6.438763262442793,Sandy,Green,30,18,7,10,1196,1119,NPK 20-20-10,23
29,62,64,6.410601272176958,Sandy,Oolong,39,15,18,10,1004,836,NPK 5-10-5,20
25,74,61,7.396004512782768,Loam,Black,44,19,21,17,734,789,Organic,14
20,78,68,4.703430250624942,Loam,Black,32,37,15,18,681,1346,NPK 5-10-5,13
22,62,63,6.942052063738263,Loam,Black,42,15,6,7,645,1340,NPK 5-10-5,12
20,78,70,4.825581874591992,Sandy,Oolong,26,35,12,16,1018,507,Organic,20
27,69,51,6.115744179103403,Clay,Black,41,40,30,7,1388,1364,NPK 5-10-5,27
21,73,61,8.289754840937125,Clay,Oolong,35,21,29,10,1209,933,Organic,24
22,75,54,5.7316006572124865,Clay,Green,29,32,19,17,632,869,Organic,12
21,68,66,7.9159281852788155,Sandy,Oolong,49,32,16,20,1134,1435,NPK 20-20-10,22
21,64,68,8.187936891413326,Clay,Black,36,23,22,6,966,992,Organic,19
26,64,69,6.515080357368154,Loam,Black,34,39,12,7,1333,644,NPK 5-10-5,26
26,60,63,4.918487240316833,Clay,Black,47,17,30,17,1315,697,NPK 20-20-10,26
28,64,50,6.80428494384493,Loam,Oolong,33,37,19,18,534,668,NPK 5-10-5,10
22,71,58,4.9602586051067945,Loam,Green,33,21,21,12,1262,1163,Organic,25
24,77,52,5.626089376469401,Clay,Green,41,24,13,14,1379,1376,NPK 5-10-5,27
23,69,65,6.682911668150477,Sandy,Black,48,25,8,5,1257,857,NPK 5-10-5,25
30,69,64,5.914240312119999,Clay,Black,44,38,21,12,1352,1335,NPK 20-20-10,27
27,65,67,6.672603622749266,Sandy,Green,33,24,9,20,1155,740,NPK 20-20-10,23
29,76,58,5.154339836408031,Sandy,Black,35,24,15,8,634,1234,NPK 5-10-5,12
26,77,63,8.372619081046569,Loam,Green,49,26,5,16,512,693,Organic,10
30,65,52,8.406481702086776,Clay,Oolong,48,37,20,14,976,647,NPK 20-20-10,19
28,77,68,4.845919305217797,Loam,Black,42,32,25,14,1351,1193,Organic,27
30,70,65,6.744010061365277,Clay,Green,47,32,16,14,780,757,NPK 20-20-10,15
29,72,60,4.985205495552659,Sandy,Oolong,32,15,11,19,703,1192,NPK 5-10-5,14
23,65,59,4.9425843963741585,Clay,Oolong,35,34,30,7,1003,517,NPK 20-20-10,20
24,71,61,7.926571145752002,Sandy,Black,43,23,20,16,1389,1417,NPK 20-20-10,27
27,63,68,7.242221884953573,Loam,Oolong,50,38,19,9,1470,1423,NPK 5-10-5,29
20,79,70,7.714198211862442,Loam,Black,29,29,28,10,842,893,NPK 20-20-10,16
29,75,63,5.6169447724994646,Sandy,Oolong,38,18,20,5,848,565,Organic,16
21,73,53,5.421520171893313,Loam,Green,49,38,24,12,1272,1231,NPK 5-10-5,25
29,79,65,7.0274989409675115,Loam,Black,48,15,30,14,608,615,Organic,12
24,67,53,4.7843046428702625,Clay,Oolong,30,21,18,10,734,1457,NPK 20-20-10,14
20,79,50,5.281005279604228,Loam,Green,32,39,25,20,1335,845,NPK 20-20-10,26
23,76,53,5.243213661034686,Loam,Oolong,28,17,23,5,913,1368,NPK 5-10-5,18
27,80,51,8.436531431036256,Loam,Black,35,34,29,8,1342,1256,Organic,26
30,63,69,7.530246328714357,Clay,Oolong,40,38,11,19,978,1410,NPK 20-20-10,19
23,73,63,7.926958278760566,Loam,Green,43,20,18,12,1411,631,NPK 20-20-10,28
24,76,57,5.490756675891358,Clay,Black,33,22,25,10,761,1129,NPK 5-10-5,15
24,76,51,5.977620688609246,Clay,Oolong,28,27,24,5,638,519,NPK 5-10-5,12
28,60,53,6.0005265861015635,Sandy,Black,37,37,16,11,598,747,NPK 5-10-5,11
25,61,59,6.28194967836624,Loam,Green,27,29,28,15,1387,561,NPK 5-10-5,27
24,72,68,6.025182275036212,Loam,Black,36,31,12,11,622,1006,NPK 20-20-10,12
30,72,55,5.926217471865829,Loam,Oolong,33,35,27,10,1410,997,NPK 5-10-5,28
29,70,64,5.484507000223345,Loam,Black,47,20,18,20,812,755,Organic,16
30,62,60,8.05059471693594,Sandy,Green,41,20,5,9,669,1124,Organic,13
27,80,56,5.311820866170497,Loam,Oolong,37,30,27,16,789,1131,Organic,15
22,80,66,7.880737340898782,Sandy,Black,46,17,13,10,1013,1333,NPK 5-10-5,20
20,70,58,5.844548807862237,Sandy,Green,35,25,14,9,1432,914,NPK 20-20-10,28
28,77,70,7.793897122959926,Clay,Oolong,46,15,12,7,592,813,Organic,11
30,60,62,6.512876565261498,Loam,Oolong,34,22,28,19,1051,1243,NPK 5-10-5,21
22,77,63,7.1270405143559055,Sandy,Black,37,37,25,6,994,1164,NPK 20-20-10,19
27,67,60,6.963127366367418,Loam,Oolong,47,34,10,12,879,850,Organic,17
25,75,50,4.8746978882892105,Sandy,Green,26,35,6,14,951,1468,NPK 20-20-10,19
23,64,53,6.17023126576902,Clay,Black,39,15,22,12,726,682,Organic,14
29,72,55,5.83907194352447,Sandy,Oolong,32,37,16,13,769,1465,Organic,15
22,64,57,5.897470186412258,Sandy,Black,26,27,21,16,1342,1012,NPK 5-10-5,26
25,73,61,4.913702669318971,Loam,Black,38,29,15,12,1172,1465,NPK 20-20-10,23
28,62,65,8.242500536064865,Sandy,Black,35,30,15,10,1083,803,NPK 5-10-5,21
29,70,55,7.260078732158048,Sandy,Green,35,34,22,15,1195,897,NPK 5-10-5,23
25,67,57,7.522979577351624,Loam,Oolong,48,30,19,13,1473,1068,NPK 20-20-10,29
25,75,67,5.900478240792088,Clay,Black,36,36,7,13,510,1015,NPK 5-10-5,10
26,78,66,6.4271641122917185,Loam,Green,48,32,12,8,669,1121,NPK 5-10-5,13
21,65,58,5.960771489637624,Sandy,Black,48,29,10,7,1445,1221,NPK 20-20-10,28
28,75,50,7.520319274439242,Clay,Green,49,20,23,13,1250,571,NPK 20-20-10,25
27,73,51,4.555483549316902,Clay,Black,34,38,23,10,587,1036,NPK 20-20-10,11
24,76,53,5.183548163060037,Loam,Black,33,15,7,20,1249,1357,NPK 5-10-5,24
23,74,58,8.464843793520615,Sandy,Green,29,36,19,11,1013,860,NPK 5-10-5,20
25,62,55,7.220857737134334,Clay,Green,46,24,15,14,1097,1256,Organic,21
27,71,60,4.66102085221322,Sandy,Oolong,34,18,17,7,1056,1405,Organic,21
23,61,64,8.33541660421712,Clay,Black,26,35,19,6,1289,1348,NPK 20-20-10,25
20,77,59,7.608955084862028,Loam,Black,40,16,6,14,1190,1459,NPK 20-20-10,23
30,77,67,4.540059939736306,Sandy,Black,31,33,8,13,1355,542,NPK 20-20-10,27
30,64,55,8.454290384057089,Loam,Green,37,26,22,13,1328,559,Organic,26
28,75,62,7.439494412550971,Sandy,Oolong,46,32,5,20,1123,572,NPK 20-20-10,22
25,77,62,5.386498436105958,Loam,Black,42,28,14,20,639,910,NPK 20-20-10,12
24,75,52,6.149483365061306,Sandy,Green,33,34,28,9,618,1087,NPK 5-10-5,12
22,80,55,5.496258355779533,Sandy,Green,37,24,23,6,1324,1464,NPK 5-10-5,26
25,80,55,5.006268207461273,Sandy,Oolong,27,27,30,20,584,712,Organic,11
22,75,55,7.603214712717524,Loam,Black,38,36,19,14,734,1239,NPK 20-20-10,14
28,63,69,5.93643970470032,Loam,Black,37,40,24,17,1072,763,NPK 5-10-5,21
28,71,65,7.059972639712,Clay,Oolong,41,31,18,13,798,1385,NPK 5-10-5,15
23,79,51,4.79764919490129,Sandy,Oolong,46,27,26,15,764,1356,NPK 5-10-5,15
23,60,63,5.407446383437612,Sandy,Black,49,38,24,13,1340,1260,Organic,26
20,70,70,7.844568983609575,Clay,Green,41,27,8,16,1441,1480,NPK 20-20-10,28
24,62,67,5.537694739355653,Sandy,Green,29,16,14,18,1413,983,NPK 20-20-10,28
23,77,52,7.422288708740484,Loam,Green,30,31,16,19,1086,663,Organic,21
22,75,58,5.191918343226455,Clay,Green,42,18,18,17,1100,1304,NPK 5-10-5,22
29,78,50,6.921566796775975,Loam,Oolong,44,17,17,10,614,740,NPK 5-10-5,12
28,62,66,8.13707873219809,Clay,Black,46,22,9,14,809,618,Organic,16
24,76,59,7.440081387295368,Sandy,Oolong,47,26,23,5,1316,1193,NPK 5-10-5,26
29,68,57,8.000738094067566,Clay,Green,30,31,15,5,517,921,Organic,10
28,76,67,6.268947362700774,Loam,Green,32,32,6,19,620,1441,NPK 20-20-10,12
26,70,50,7.693296074115136,Sandy,Green,28,26,18,20,1292,719,Organic,25
30,75,67,4.941924431516526,Clay,Black,44,28,11,16,950,591,NPK 5-10-5,19
20,73,53,7.393768616294299,Sandy,Black,48,24,22,7,1066,742,NPK 20-20-10,21
27,77,69,4.58212021004744,Sandy,Oolong,43,26,29,19,1118,890,NPK 5-10-5,22
28,79,54,4.882663588927327,Loam,Black,32,40,5,7,1282,1261,Organic,25
26,72,70,5.105607292179637,Loam,Green,46,31,6,12,1251,1129,NPK 20-20-10,25
24,80,58,6.3917573558995695,Clay,Green,25,30,25,8,775,787,Organic,15
21,80,61,7.787009067233301,Sandy,Oolong,50,38,16,8,571,926,NPK 20-20-10,11
23,73,65,4.702693958112217,Loam,Green,28,19,16,20,663,740,NPK 5-10-5,13
27,64,65,8.348302141613166,Loam,Green,49,24,12,9,1110,816,Organic,22
25,76,51,6.51972403962802,Sandy,Black,31,23,23,12,1118,655,NPK 5-10-5,22
23,68,57,5.0490646667184675,Clay,Green,35,31,6,13,869,977,NPK 5-10-5,17
22,80,55,4.791019349248636,Clay,Black,37,28,12,10,1365,702,Organic,27
29,79,60,6.848952404105047,Sandy,Oolong,50,25,9,7,544,1350,NPK 20-20-10,10
25,62,52,6.480802757107556,Clay,Oolong,28,40,14,12,1387,936,Organic,27
26,78,61,7.541501422956264,Clay,Green,36,20,29,18,1432,1294,NPK 20-20-10,28
27,75,70,5.405306962311645,Clay,Black,41,38,10,16,565,1451,Organic,11
24,72,53,6.690262166810152,Loam,Oolong,31,35,23,18,949,955,Organic,18
30,76,69,5.038734048252196,Loam,Black,32,32,6,8,748,857,NPK 5-10-5,14
27,61,65,6.250353219695032,Sandy,Black,31,28,13,20,963,1127,NPK 5-10-5,19
27,72,52,7.276887821380901,Sandy,Black,47,38,9,15,1326,1170,NPK 5-10-5,26
29,80,55,8.464923034272616,Loam,Black,43,24,7,19,716,874,NPK 20-20-10,14
29,72,70,6.762392706797925,Loam,Green,48,18,11,17,732,786,NPK 20-20-10,14
22,73,68,7.34567401607454,Loam,Black,49,26,12,13,682,1084,Organic,13
27,78,70,5.70206019586136,Loam,Black,39,21,16,16,865,1487,Organic,17
25,74,51,8.180495333149302,Sandy,Green,29,31,5,9,1309,1195,Organic,26
20,76,61,7.451107369935357,Sandy,Black,50,19,16,20,1194,1007,Organic,23
30,77,63,8.00035096831429,Sandy,Black,35,22,9,15,699,660,NPK 20-20-10,13
21,68,54,7.160976938672083,Clay,Green,30,29,20,5,816,1260,NPK 5-10-5,16
22,72,52,5.918857334154813,Loam,Black,40,38,12,15,646,1217,NPK 5-10-5,12
29,80,58,7.155040465650534,Sandy,Green,46,30,7,11,998,773,NPK 5-10-5,19
20,60,55,7.502164311904121,Loam,Black,26,30,8,6,1180,700,NPK 5-10-5,23
25,72,65,5.003758558396079,Clay,Black,34,25,16,20,1475,1431,NPK 5-10-5,29
21,60,55,5.886298378656994,Clay,Oolong,37,35,27,7,1416,972,NPK 5-10-5,28
28,71,55,5.827297199076091,Clay,Black,31,34,15,20,1040,549,NPK 5-10-5,20
26,70,59,7.909641990116129,Sandy,Green,34,25,24,12,811,775,NPK 20-20-10,16
21,66,53,6.010940154625082,Sandy,Green,50,36,19,7,680,1381,NPK 20-20-10,13
27,80,57,5.845624267463702,Clay,Black,36,24,5,5,1496,812,Organic,29
24,75,64,4.503581397984076,Sandy,Green,25,40,7,10,908,974,NPK 20-20-10,18
20,75,53,8.328753615112413,Sandy,Oolong,36,31,10,17,711,1361,NPK 5-10-5,14
24,79,61,6.460350834934141,Sandy,Oolong,38,24,20,15,1385,1431,NPK 20-20-10,27
22,74,61,8.010162558838058,Loam,Green,36,28,18,6,668,990,NPK 20-20-10,13
26,66,65,5.355579969066472,Clay,Oolong,44,35,24,10,804,1181,NPK 20-20-10,16
25,79,59,8.472697152006512,Sandy,Oolong,39,26,14,6,873,1058,NPK 5-10-5,17
20,63,68,7.482697007935327,Loam,Oolong,40,24,21,8,733,500,NPK 20-20-10,14
25,62,54,8.005283607953228,Clay,Green,27,40,29,11,547,943,NPK 5-10-5,10
24,63,66,7.72843049889136,Clay,Oolong,47,33,25,17,789,1171,NPK 5-10-5,15
24,67,61,5.7938029770144786,Loam,Green,45,21,26,16,937,850,Organic,18
21,72,54,6.516601704745293,Loam,Green,26,15,24,20,1034,520,Organic,20
28,62,53,4.712280131212924,Clay,Green,30,35,16,16,815,550,Organic,16
29,63,53,5.874148080612785,Loam,Black,40,20,5,12,1000,658,NPK 5-10-5,20
22,62,56,5.5897093350085765,Loam,Black,29,39,24,19,865,1295,NPK 20-20-10,17
24,69,67,4.662277421437889,Loam,Black,34,23,5,19,934,1210,Organic,18
23,72,62,5.554660323696971,Clay,Green,35,36,25,11,1438,762,NPK 5-10-5,28
28,75,70,4.776591293344635,Sandy,Oolong,42,32,12,11,1175,1485,NPK 20-20-10,23
26,63,70,4.790214762783906,Sandy,Oolong,33,15,10,5,769,826,NPK 20-20-10,15
26,79,50,4.600147639133923,Sandy,Oolong,47,31,11,6,1248,733,NPK 5-10-5,24
23,79,69,7.81711467055768,Sandy,Black,29,38,6,16,847,876,NPK 5-10-5,16
24,77,69,7.74753755848405,Sandy,Oolong,33,28,6,11,1102,813,NPK 5-10-5,22
20,72,57,7.747835978849008,Clay,Oolong,32,32,21,11,524,938,NPK 5-10-5,10
21,63,68,6.551098264623056,Loam,Black,49,40,15,20,1238,552,Organic,24
30,74,59,7.52547983063844,Loam,Green,48,28,9,15,1034,1114,NPK 20-20-10,20
22,74,63,6.735183547881036,Loam,Black,34,17,27,17,500,767,Organic,10
29,78,50,7.182692294032427,Clay,Black,38,16,20,12,1014,1495,NPK 20-20-10,20
23,73,50,7.654591796237743,Sandy,Black,25,25,22,9,1140,1264,Organic,22
29,63,61,6.7436822746395775,Sandy,Oolong,32,33,29,19,841,773,NPK 5-10-5,16
27,65,54,5.789279688886688,Loam,Black,26,17,17,8,633,1244,Organic,12
30,71,64,7.351189767694596,Clay,Oolong,26,28,18,16,547,1422,NPK 20-20-10,10
25,74,68,7.287005107562065,Sandy,Black,27,26,5,14,504,1116,Organic,10
20,68,57,6.91200348708526,Sandy,Green,27,33,20,13,915,550,NPK 20-20-10,18
26,70,54,7.943538784201111,Loam,Black,39,36,16,19,1106,610,NPK 5-10-5,22
29,73,59,7.990638550352438,Clay,Oolong,25,36,7,10,982,690,NPK 20-20-10,19
25,62,61,8.005683647414903,Sandy,Oolong,50,19,18,17,694,860,Organic,13
29,70,68,4.983324106026464,Sandy,Black,49,26,5,11,698,1309,Organic,13
28,78,57,7.212606689679531,Loam,Green,29,31,9,19,508,626,NPK 5-10-5,10
21,64,57,5.905270163562241,Sandy,Black,35,27,13,10,780,824,NPK 5-10-5,15
22,69,64,4.779623807504849,Sandy,Green,29,30,16,18,822,1143,NPK 5-10-5,16
23,65,51,8.01699504152178,Sandy,Black,46,34,19,6,1179,978,NPK 5-10-5,23
24,77,51,4.926763880286633,Clay,Green,41,15,5,16,723,834,NPK 20-20-10,14
27,60,67,4.766002077253526,Sandy,Black,50,20,9,16,542,707,NPK 20-20-10,10
20,67,64,4.631731028291954,Loam,Green,31,18,19,5,834,1156,Organic,16
27,63,52,4.5661943734842225,Sandy,Black,40,37,27,7,601,567,NPK 20-20-10,12
28,61,66,7.445875685576134,Loam,Green,37,23,8,11,688,764,NPK 5-10-5,13
21,67,66,4.6472234156294725,Loam,Oolong,38,33,22,19,941,1288,NPK 5-10-5,18
30,75,57,6.840190307617604,Loam,Oolong,37,32,9,12,861,516,NPK 5-10-5,17
29,79,59,6.692905754114223,Clay,Oolong,27,28,8,13,1484,596,Organic,29
26,76,57,5.265823949945791,Loam,Green,25,34,15,8,877,776,NPK 5-10-5,17
21,69,59,6.135575005570976,Sandy,Black,43,38,12,12,1390,799,NPK 5-10-5,27
28,76,62,5.298628555163999,Sandy,Black,47,28,27,13,713,563,NPK 20-20-10,14
27,60,67,6.625234943023385,Loam,Green,40,22,15,8,1355,975,Organic,27
23,64,60,7.460954240794945,Clay,Black,48,18,5,14,967,1197,NPK 5-10-5,19
21,66,58,4.6371330952235486,Loam,Green,30,33,14,17,984,1348,NPK 20-20-10,19
28,70,55,8.321197714271765,Sandy,Black,34,21,15,20,1392,522,NPK 5-10-5,27
29,78,52,7.94911989336596,Clay,Oolong,37,19,16,18,691,694,Organic,13
30,71,61,5.530445568783335,Loam,Black,37,22,10,19,1277,989,NPK 20-20-10,25
30,72,59,8.466567268556359,Loam,Green,40,24,6,7,1303,1239,Organic,26
27,75,66,5.615730608591506,Sandy,Green,33,27,18,9,1286,977,NPK 5-10-5,25
23,78,57,7.987557143494984,Clay,Oolong,50,40,29,13,853,1377,NPK 5-10-5,17
30,78,68,8.403864895401753,Clay,Black,44,29,18,16,1169,1242,Organic,23
20,64,62,6.208489500477414,Clay,Green,44,33,7,6,1466,1371,NPK 5-10-5,29
27,67,66,6.477861709505003,Loam,Green,47,22,27,11,1437,949,NPK 5-10-5,28
30,66,69,8.34929493781261,Sandy,Black,42,16,19,16,528,547,NPK 5-10-5,10
30,67,51,6.11619474626359,Sandy,Black,30,16,15,16,1164,1006,NPK 5-10-5,23
30,64,62,7.132354724794068,Sandy,Green,38,16,13,18,519,1290,NPK 5-10-5,10
30,69,53,7.013839976899256,Loam,Green,39,31,26,17,806,629,Organic,16
27,69,55,5.229115730090716,Clay,Green,25,23,7,10,614,1095,NPK 5-10-5,12
22,66,65,8.135837888216402,Loam,Green,30,15,28,7,1318,944,NPK 5-10-5,26
27,62,52,8.34294602691452,Sandy,Oolong,44,39,19,12,1422,945,NPK 5-10-5,28
26,76,70,7.152257122026594,Sandy,Black,43,37,6,11,603,566,NPK 20-20-10,12
26,60,66,6.373666326119652,Clay,Black,41,31,9,16,1428,639,NPK 5-10-5,28
25,75,59,8.278185908277505,Sandy,Green,32,35,26,20,1339,1411,NPK 5-10-5,26
29,65,65,5.024382306481163,Clay,Oolong,36,16,29,19,783,1178,NPK 20-20-10,15
26,67,54,4.841545672270408,Clay,Green,35,26,11,19,717,1450,Organic,14
23,63,62,6.50022985777424,Sandy,Oolong,49,28,25,20,1399,1366,Organic,27
20,60,56,5.259945189452974,Clay,Oolong,31,36,13,17,1355,603,NPK 20-20-10,27
21,77,59,6.344054083298773,Loam,Oolong,26,20,6,20,1235,1112,NPK 20-20-10,24
27,80,58,7.528231916020372,Sandy,Oolong,47,30,23,10,736,1317,NPK 5-10-5,14
22,79,54,5.714939389731138,Clay,Black,34,19,27,12,1394,525,NPK 20-20-10,27
27,63,58,8.22310690155483,Clay,Oolong,39,36,19,13,713,761,NPK 20-20-10,14
25,76,58,5.317767081547119,Loam,Green,32,18,23,5,1427,1373,NPK 20-20-10,28
21,62,56,5.781796553539275,Sandy,Black,29,36,25,15,604,1246,Organic,12
29,61,67,7.93553906846088,Loam,Black,25,33,19,18,1181,1091,NPK 5-10-5,23
27,64,67,6.852542405687344,Clay,Green,32,34,8,5,1384,1271,NPK 20-20-10,27
28,64,70,7.31204092856434,Clay,Oolong,28,37,19,18,1492,616,Organic,29
20,80,57,8.481649415866997,Sandy,Oolong,49,32,29,10,1236,1453,NPK 5-10-5,24
27,60,50,6.284732018675648,Clay,Oolong,27,36,30,14,877,1284,Organic,17
29,67,63,5.5248532438077,Sandy,Green,46,34,15,8,1295,566,NPK 20-20-10,25
26,62,60,5.190736254631794,Sandy,Green,41,27,12,16,963,595,Organic,19
22,77,61,6.771125549706711,Sandy,Oolong,43,20,29,16,1075,745,NPK 5-10-5,21
21,77,68,5.648417273793442,Loam,Green,39,17,20,10,1371,585,NPK 5-10-5,27
29,74,54,7.230631319104062,Sandy,Oolong,30,35,18,8,1434,1008,NPK 20-20-10,28
25,68,65,5.589856696005231,Sandy,Green,33,21,24,15,892,831,Organic,17
23,73,50,5.4820317158931084,Clay,Oolong,46,33,22,18,1242,573,NPK 5-10-5,24
29,74,64,6.354979021109792,Loam,Green,31,38,19,13,1276,513,NPK 5-10-5,25
20,62,64,5.2023483502792995,Clay,Oolong,49,24,28,8,831,1437,NPK 20-20-10,16
26,63,67,5.847738495015101,Clay,Black,46,26,10,5,914,807,NPK 5-10-5,18
23,67,59,6.001890155726237,Loam,Green,41,36,10,20,853,1096,NPK 5-10-5,17
27,76,52,4.521491833568289,Loam,Oolong,37,15,10,11,1385,1047,NPK 5-10-5,27
21,80,56,8.0118356216988,Clay,Black,33,25,24,14,1077,586,NPK 20-20-10,21
27,71,68,4.821273696539013,Sandy,Oolong,42,32,9,10,1322,1478,NPK 5-10-5,26
24,67,54,7.686644380909227,Loam,Black,44,26,27,6,1388,777,NPK 5-10-5,27
21,67,58,7.024791504009549,Loam,Black,50,39,5,18,692,1144,NPK 20-20-10,13
28,63,57,7.335771310024287,Sandy,Black,36,15,9,14,1017,1009,NPK 5-10-5,20
26,73,63,7.163707380627976,Sandy,Green,38,40,28,14,1359,690,NPK 5-10-5,27
27,64,54,7.914958304136685,Sandy,Green,30,36,25,10,704,672,NPK 20-20-10,14
23,71,60,5.519502812471687,Loam,Oolong,49,30,24,12,1457,1130,NPK 20-20-10,29
26,66,65,6.359821008812854,Loam,Black,28,33,22,6,1428,1312,Organic,28
23,61,68,6.971485915115376,Clay,Oolong,47,30,19,17,798,597,NPK 20-20-10,15
23,63,56,8.085766569596995,Sandy,Black,31,29,9,16,623,1066,Organic,12
23,71,52,6.347460078717109,Clay,Oolong,26,31,16,20,1068,659,Organic,21
21,80,53,7.066746130075421,Sandy,Black,35,24,20,17,929,964,Organic,18
21,65,53,5.491003974998083,Clay,Black,46,35,9,5,1091,1180,NPK 20-20-10,21
21,75,50,5.756374362898833,Clay,Black,45,35,5,11,832,1194,NPK 5-10-5,16
20,76,50,5.30193592228988,Loam,Oolong,42,37,6,10,672,1202,Organic,13
25,65,54,4.610010769857697,Clay,Green,32,31,13,12,1394,826,Organic,27
27,76,59,8.088398968158304,Loam,Green,31,22,9,12,623,1012,NPK 20-20-10,12
24,66,50,5.299729451522564,Loam,Black,45,23,15,5,1346,1401,NPK 5-10-5,26
21,72,66,6.586796920146976,Sandy,Green,48,33,14,17,845,1073,NPK 20-20-10,16
29,66,66,6.286979846088368,Loam,Green,34,36,22,6,842,517,NPK 5-10-5,16
21,61,65,7.903246347400416,Clay,Black,40,38,26,10,1122,671,NPK 5-10-5,22
24,75,61,5.314130417390597,Sandy,Black,39,28,21,6,910,941,Organic,18
23,70,51,5.335430452821584,Clay,Black,40,18,14,6,1077,652,NPK 20-20-10,21
30,66,70,7.600817458874209,Loam,Oolong,30,25,24,18,746,607,Organic,14
21,64,58,5.779012115958908,Loam,Black,26,39,26,13,845,553,Organic,16
20,64,61,5.051304621365828,Loam,Green,43,28,16,14,1107,1161,NPK 20-20-10,22
24,77,50,6.635750028322002,Sandy,Black,26,18,6,5,760,1450,Organic,15
30,62,51,6.24066304159107,Sandy,Black,45,27,20,5,1194,1380,NPK 5-10-5,23
25,70,57,4.503910466867202,Sandy,Black,28,16,29,12,894,678,NPK 5-10-5,17
26,65,54,5.142086325300326,Clay,Green,34,33,10,19,831,1198,NPK 20-20-10,16
20,76,53,7.145119397512809,Sandy,Green,42,39,16,9,1196,1194,NPK 20-20-10,23
23,72,53,7.773463724212251,Sandy,Oolong,40,36,20,6,1338,717,Organic,26
24,74,56,7.366356105358269,Sandy,Oolong,27,28,14,6,958,749,NPK 5-10-5,19
25,74,54,7.171512181035066,Sandy,Black,28,33,16,18,948,626,NPK 20-20-10,18
28,72,69,7.327296160314306,Loam,Black,48,29,22,20,1015,1115,NPK 20-20-10,20
22,67,54,6.2554753819480355,Clay,Black,35,25,24,15,905,654,NPK 5-10-5,18
22,61,62,5.225877361228504,Sandy,Oolong,47,38,7,7,675,864,NPK 20-20-10,13
28,69,65,7.2297694266574855,Loam,Oolong,26,34,22,6,932,947,Organic,18
27,78,60,5.4834650174123345,Sandy,Black,26,32,28,7,762,856,Organic,15
26,74,62,7.98087573921679,Clay,Black,41,27,22,13,731,518,NPK 5-10-5,14
20,68,68,7.883867757449531,Loam,Black,48,16,29,11,1470,684,NPK 5-10-5,29
20,80,66,6.939508119473643,Sandy,Green,32,15,15,8,1203,1127,NPK 20-20-10,24
20,65,60,6.585387460236313,Clay,Black,34,34,27,12,649,1407,NPK 20-20-10,12
22,75,61,6.557487975868168,Sandy,Black,28,17,18,8,772,1327,NPK 20-20-10,15
26,80,52,7.590114852082117,Clay,Black,28,31,18,9,767,1127,NPK 20-20-10,15
30,61,55,7.1582264977246925,Loam,Green,38,39,18,14,802,856,NPK 5-10-5,16
23,75,55,4.63483270503992,Clay,Green,30,28,8,14,1324,683,NPK 5-10-5,26
22,69,68,5.179432157979968,Clay,Green,33,38,22,14,666,1218,NPK 5-10-5,13
20,63,59,6.44700573465299,Loam,Green,49,21,22,9,589,1251,NPK 5-10-5,11
26,62,51,6.250877564911583,Sandy,Green,26,27,29,9,903,1008,Organic,18
22,63,53,7.0076002723427635,Sandy,Black,37,15,28,15,547,1071,NPK 20-20-10,10
22,74,52,5.1915852324457505,Sandy,Oolong,40,16,11,5,1266,1088,NPK 20-20-10,25
20,63,69,5.064904301087655,Sandy,Black,32,22,12,13,1284,1320,NPK 5-10-5,25
20,72,70,5.732550389773376,Clay,Oolong,30,37,15,7,967,1420,NPK 20-20-10,19
28,72,63,6.652716427071322,Loam,Black,29,36,16,19,637,1305,Organic,12
20,69,70,8.310209615788159,Sandy,Green,28,39,11,5,1181,1361,Organic,23
29,65,68,4.97632162028029,Sandy,Black,40,37,11,8,1450,1381,NPK 20-20-10,29
21,66,57,6.925530557055816,Clay,Black,31,22,21,14,520,649,Organic,10
27,69,61,4.630572480653671,Loam,Green,25,21,11,12,1473,1433,Organic,29
23,70,60,8.166456844764419,Clay,Green,49,32,20,16,1028,1147,NPK 5-10-5,20
25,72,61,5.216780662400688,Loam,Oolong,35,33,7,9,1314,1486,NPK 20-20-10,26
25,73,69,8.26808810553123,Clay,Black,47,36,10,13,794,671,NPK 5-10-5,15
27,69,64,6.820974203576515,Clay,Oolong,31,24,10,10,911,530,Organic,18
27,62,52,7.652789839414197,Loam,Black,29,40,13,15,719,901,NPK 5-10-5,14
29,61,55,5.249452955977526,Loam,Green,30,27,19,18,1414,616,NPK 5-10-5,28
21,73,69,6.456774806101862,Loam,Oolong,29,29,28,15,1113,1456,Organic,22
22,73,64,6.864300764795363,Loam,Oolong,35,18,25,17,1386,1016,NPK 5-10-5,27
25,71,54,6.282786523381418,Loam,Black,26,24,28,14,1101,714,NPK 20-20-10,22
28,65,57,4.902485492527683,Sandy,Black,43,37,17,15,718,1054,Organic,14
30,78,64,5.133669340213892,Sandy,Green,47,15,17,17,1074,1447,NPK 5-10-5,21
21,64,70,5.248583462901358,Sandy,Black,37,22,6,20,1053,910,Organic,21
29,69,65,7.913334126487742,Loam,Green,48,17,10,17,876,1100,NPK 20-20-10,17
27,74,54,5.454073216548,Loam,Oolong,25,31,12,6,1065,999,Organic,21
21,71,67,5.105318159655878,Sandy,Green,45,29,23,14,878,1103,NPK 5-10-5,17
26,69,65,6.948919959573055,Clay,Oolong,42,38,23,12,962,591,Organic,19
27,64,65,7.139384195929699,Clay,Green,32,17,25,18,725,573,Organic,14
29,78,53,6.648990952036259,Sandy,Oolong,32,26,23,9,573,500,Organic,11
27,66,52,8.348767353400701,Clay,Oolong,46,38,23,9,1376,1436,NPK 5-10-5,27
27,66,52,7.273529266943851,Clay,Oolong,39,18,11,19,661,1179,NPK 20-20-10,13
30,73,57,4.835128674322776,Sandy,Green,31,33,29,16,1182,1199,NPK 20-20-10,23
24,65,58,4.583401946374435,Clay,Black,34,29,16,8,1293,548,NPK 20-20-10,25
30,61,57,7.1283280539943235,Clay,Green,46,25,12,11,1137,654,NPK 5-10-5,22
24,76,50,5.5769263017237485,Loam,Green,34,38,21,8,1052,1066,NPK 5-10-5,21
25,71,50,6.085980787484061,Sandy,Black,35,29,24,10,1345,1071,Organic,26
21,75,54,5.3238716545077995,Loam,Green,48,27,7,12,844,1085,NPK 20-20-10,16
20,75,64,5.372069076299949,Loam,Oolong,49,23,17,11,883,1152,Organic,17
27,69,64,5.457507851484769,Sandy,Oolong,33,17,17,12,977,1276,Organic,19
28,60,65,6.671815173249734,Sandy,Oolong,31,19,10,6,885,585,Organic,17
22,65,53,7.283900046528446,Clay,Green,38,32,7,16,1136,1435,Organic,22
29,72,65,8.067291359502665,Clay,Green,44,26,11,13,878,1199,Organic,17
22,74,64,5.0634072084087975,Clay,Black,26,17,17,18,1167,845,Organic,23
28,75,56,7.019476068540412,Loam,Black,49,30,8,9,1320,650,NPK 20-20-10,26
20,69,60,5.075582170619402,Sandy,Black,44,21,18,19,1278,1190,NPK 20-20-10,25
21,74,64,5.6954093231784375,Sandy,Black,32,33,13,16,583,1239,NPK 20-20-10,11
28,77,64,6.71105191297227,Loam,Green,39,25,25,16,1224,587,Organic,24
21,69,66,5.308879279650008,Clay,Oolong,34,27,15,6,1254,907,NPK 5-10-5,25
29,65,70,5.524106091552984,Sandy,Black,31,20,19,17,1147,865,NPK 5-10-5,22
24,79,57,4.640078259452789,Loam,Green,33,27,11,14,740,969,NPK 20-20-10,14
30,78,69,6.182632225233462,Loam,Oolong,35,25,24,19,797,1345,NPK 5-10-5,15
21,66,70,8.0416300759918,Loam,Black,26,34,20,20,1111,759,NPK 5-10-5,22
22,77,63,4.954740051797198,Clay,Green,45,22,27,9,1393,995,NPK 20-20-10,27
25,76,53,8.226348558432209,Clay,Green,44,37,21,8,993,578,NPK 5-10-5,19
20,74,53,5.32341397900443,Clay,Black,41,34,17,18,1066,1277,NPK 20-20-10,21
20,77,63,5.019165689525336,Clay,Oolong,37,17,14,6,871,569,NPK 20-20-10,17
27,77,53,5.7500273448683945,Loam,Oolong,43,37,21,19,698,1216,NPK 20-20-10,13
20,67,61,6.337153121828366,Loam,Green,26,37,19,14,574,596,Organic,11
29,62,60,7.017510666409779,Loam,Black,36,37,7,20,1291,664,Organic,25
22,66,61,6.771999531041505,Sandy,Green,44,16,8,20,603,1293,NPK 5-10-5,12
24,66,51,7.803607505462249,Loam,Black,30,24,16,10,1071,844,Organic,21
26,61,70,5.5071773630338114,Clay,Green,38,19,9,14,978,1107,NPK 5-10-5,19
28,68,59,8.368646184876974,Sandy,Oolong,40,28,27,18,650,927,NPK 5-10-5,13
27,78,61,5.953395489951806,Loam,Black,27,39,6,12,781,1019,Organic,15
29,78,51,7.288874335554439,Clay,Oolong,43,29,19,5,1151,1371,NPK 5-10-5,23
22,74,66,6.337676961699431,Sandy,Green,26,38,30,8,1173,867,NPK 5-10-5,23
28,68,68,6.161816831192579,Clay,Green,49,28,27,13,1405,719,Organic,28
28,75,55,7.420694189548,Loam,Black,38,27,18,6,1076,1311,Organic,21
24,74,57,6.022285938921402,Loam,Black,36,29,10,14,1463,1321,NPK 5-10-5,29
26,72,70,7.402057933484195,Sandy,Oolong,47,24,27,9,975,504,NPK 5-10-5,19
20,62,52,8.227072542142905,Clay,Black,31,31,23,19,1346,1395,NPK 20-20-10,26
28,73,70,5.707657715630173,Loam,Oolong,27,24,13,7,1341,1240,NPK 20-20-10,26
20,70,68,6.762489918841306,Sandy,Black,31,36,18,13,1148,1120,NPK 20-20-10,22
30,60,63,6.359550374174171,Loam,Black,36,23,8,9,1282,525,NPK 5-10-5,25
25,77,66,8.219792154738986,Sandy,Black,38,28,7,9,980,1438,NPK 20-20-10,19
25,61,58,6.701539193094437,Clay,Green,37,32,30,19,1434,978,NPK 20-20-10,28
26,71,69,8.061963692223904,Loam,Oolong,50,36,26,19,1025,861,Organic,20
27,61,59,6.590464771184022,Sandy,Black,28,36,20,8,877,1323,Organic,17
25,77,54,6.434508666491491,Clay,Oolong,48,27,14,7,646,1155,Organic,12
22,61,68,8.460347648470293,Sandy,Green,36,36,24,8,1235,563,NPK 20-20-10,24
30,76,60,7.951441174212572,Sandy,Green,25,39,9,5,837,935,Organic,16
25,72,64,5.918101573053889,Clay,Green,37,39,12,15,536,1414,NPK 5-10-5,10
23,63,52,7.876092377294175,Sandy,Black,42,18,5,8,1197,762,NPK 20-20-10,23
30,65,70,7.046330835475203,Loam,Oolong,49,35,25,14,1440,909,NPK 20-20-10,28
28,64,57,4.8921218713933,Clay,Oolong,32,34,19,19,1042,592,NPK 5-10-5,20
23,66,53,5.686678002741715,Clay,Oolong,25,25,11,19,872,1326,NPK 5-10-5,17
29,65,70,5.8021294116736,Loam,Green,40,27,16,10,1232,1364,NPK 20-20-10,24
26,80,52,5.144562666001669,Clay,Oolong,47,20,9,8,1247,989,NPK 5-10-5,24
22,75,69,7.580357233993791,Loam,Green,28,17,22,5,725,850,NPK 20-20-10,14
21,76,53,5.49081622451632,Loam,Green,35,35,30,11,606,757,Organic,12
24,70,53,7.382427235084114,Loam,Oolong,27,39,23,19,908,585,NPK 5-10-5,18
29,76,53,5.6367944225836535,Clay,Green,28,36,16,9,753,756,NPK 5-10-5,15
29,75,70,6.562526740292893,Loam,Green,31,32,7,5,1143,1215,Organic,22
23,67,69,7.602338838167995,Loam,Black,45,19,9,10,1079,878,NPK 20-20-10,21
29,74,61,7.654495547235932,Clay,Black,30,21,19,12,1189,522,NPK 20-20-10,23
25,77,55,4.501756239273188,Sandy,Black,25,15,13,13,694,1479,Organic,13
23,69,51,4.833542885389747,Loam,Oolong,46,33,20,12,1170,974,Organic,23
29,66,57,5.83787277688665,Loam,Black,45,28,8,16,585,697,NPK 20-20-10,11
23,77,53,6.013666357240929,Sandy,Green,27,35,8,8,934,1361,NPK 20-20-10,18
29,74,52,5.608472623487911,Sandy,Oolong,36,38,14,13,937,686,NPK 20-20-10,18
20,78,50,6.224384657696244,Clay,Green,45,38,8,12,801,987,NPK 5-10-5,16
21,69,67,6.800081627039727,Loam,Green,28,21,22,16,1246,710,Organic,24
20,65,56,8.445958500878074,Clay,Green,25,34,17,18,1119,559,Organic,22
23,64,53,6.958487665981542,Clay,Green,35,39,26,7,1323,1408,NPK 5-10-5,26
22,76,66,5.70172379551517,Sandy,Oolong,28,25,15,17,733,769,NPK 5-10-5,14
20,60,69,7.075417669146035,Clay,Oolong,38,20,21,15,1359,767,Organic,27
23,66,66,7.850452404235764,Sandy,Green,28,35,12,18,1280,1122,NPK 20-20-10,25
24,70,56,5.531915658609484,Sandy,Black,36,31,15,10,1355,1160,Organic,27
30,74,51,5.764715943348053,Loam,Green,40,28,21,10,929,832,NPK 20-20-10,18
28,65,53,6.170358584325083,Sandy,Black,32,17,29,17,1049,541,Organic,20
29,69,68,4.558353244505742,Clay,Oolong,32,34,28,8,1429,1006,Organic,28
23,76,57,6.956717495522186,Loam,Black,33,22,6,10,582,1338,Organic,11
20,63,62,4.557466268287492,Sandy,Green,44,23,24,16,1063,955,NPK 20-20-10,21
30,69,54,7.863538694996833,Clay,Oolong,30,19,25,20,1086,719,NPK 5-10-5,21
26,64,62,5.741810701853489,Clay,Green,35,25,5,7,1495,850,NPK 20-20-10,29
25,77,50,4.856306511772646,Loam,Oolong,29,17,10,12,1411,1312,Organic,28
25,76,63,7.724550132018113,Sandy,Black,31,34,6,18,983,1113,Organic,19
29,64,57,8.365872199343462,Clay,Oolong,26,36,6,14,733,505,NPK 20-20-10,14
25,64,65,7.05428586895737,Sandy,Black,50,28,8,8,526,1027,Organic,10
27,70,51,8.222098236918388,Sandy,Oolong,31,38,15,13,531,1353,NPK 20-20-10,10
24,60,51,8.454417515867377,Sandy,Green,34,21,19,20,1196,707,NPK 5-10-5,23
21,62,66,5.4813009236780665,Sandy,Black,31,20,13,18,1198,737,NPK 20-20-10,23
25,78,63,5.103616354028669,Clay,Oolong,25,16,13,6,1499,1405,NPK 20-20-10,29
24,70,62,4.510884779916795,Clay,Green,38,33,19,18,948,1373,NPK 5-10-5,18
24,68,70,5.7794858534879285,Loam,Green,33,33,24,6,1186,1324,NPK 5-10-5,23
21,66,50,4.962031114879426,Loam,Black,32,39,11,8,1004,1268,Organic,20
20,60,60,8.41866523142453,Loam,Oolong,44,30,16,9,508,1168,NPK 5-10-5,10
26,77,62,8.30016797223715,Clay,Black,47,20,19,8,676,1211,NPK 20-20-10,13
20,72,69,6.164537702998604,Loam,Oolong,39,38,21,18,671,676,NPK 5-10-5,13
29,68,53,7.190220179670293,Sandy,Black,37,15,27,20,676,621,NPK 5-10-5,13
25,70,54,4.618801534935778,Clay,Green,39,31,27,13,527,718,NPK 5-10-5,10
24,73,54,7.052868892604414,Clay,Oolong,36,24,9,16,1471,1399,Organic,29
26,67,61,5.418755957590654,Clay,Oolong,26,28,6,8,671,597,NPK 5-10-5,13
27,72,70,5.636055465605832,Clay,Black,47,28,19,5,647,1245,NPK 5-10-5,12
23,60,65,7.362951636755472,Loam,Black,45,18,7,6,689,1414,NPK 5-10-5,13
30,69,55,5.104528243543708,Sandy,Oolong,38,19,30,15,754,663,NPK 20-20-10,15
24,67,52,7.567152793325172,Clay,Oolong,49,40,11,5,851,683,NPK 20-20-10,17
24,60,68,5.190621288363376,Clay,Green,32,27,22,6,906,1237,NPK 5-10-5,18
27,69,66,7.978523648717658,Loam,Black,37,23,16,14,1270,1493,Organic,25
26,68,53,6.092345052704539,Sandy,Green,39,23,30,14,739,1059,NPK 5-10-5,14
25,60,69,4.521593157198354,Sandy,Green,26,22,14,18,897,1235,NPK 5-10-5,17
27,70,64,6.297442996013131,Loam,Black,41,33,17,9,1064,1042,NPK 5-10-5,21
22,76,56,7.463853763061824,Sandy,Green,37,22,9,14,931,694,NPK 5-10-5,18
23,70,66,6.426021097449586,Sandy,Oolong,36,26,8,14,1344,618,NPK 20-20-10,26
24,62,64,7.818714757949827,Sandy,Green,32,17,30,6,1175,942,NPK 20-20-10,23
28,65,51,7.3539396526716905,Loam,Black,28,28,29,19,997,1432,Organic,19
28,68,63,8.229179772385926,Sandy,Green,36,24,15,20,1209,1123,NPK 5-10-5,24
29,66,63,8.491024581698522,Sandy,Oolong,40,22,30,14,783,1279,NPK 20-20-10,15
25,79,60,7.205783139828286,Sandy,Black,43,17,21,7,1024,765,NPK 5-10-5,20
23,68,54,4.768312500283788,Loam,Black,38,16,21,18,689,579,NPK 5-10-5,13
29,72,52,4.820134423022903,Clay,Black,25,15,29,19,1468,778,Organic,29
26,60,53,6.072480956321309,Clay,Oolong,36,38,18,8,1074,747,NPK 5-10-5,21
23,73,50,4.812116579770679,Sandy,Oolong,27,25,23,13,1390,688,Organic,27
21,60,59,4.569256628154136,Sandy,Oolong,47,20,7,7,1197,1161,NPK 20-20-10,23
22,67,52,4.695669111909041,Loam,Black,25,37,13,14,1379,903,NPK 5-10-5,27
27,74,63,7.017628721418204,Sandy,Black,37,23,23,7,876,768,NPK 5-10-5,17
26,76,56,7.4037799107354125,Loam,Green,46,21,12,13,1163,995,NPK 5-10-5,23
28,67,57,6.576611622324339,Clay,Green,47,36,24,11,1479,500,NPK 5-10-5,29
27,70,57,7.932290047338414,Sandy,Green,27,36,20,16,1460,1009,NPK 5-10-5,29
25,76,60,6.732666326913888,Clay,Black,47,38,6,14,1188,914,NPK 20-20-10,23
20,65,69,4.989699896833216,Sandy,Green,43,35,30,10,1060,664,Organic,21
28,64,70,5.894622867873327,Clay,Oolong,42,34,27,9,1120,1292,NPK 5-10-5,22
23,61,66,7.565502522981031,Loam,Green,26,24,13,9,1198,595,NPK 20-20-10,23
27,73,67,4.7913806379383495,Sandy,Oolong,32,39,7,20,606,1198,Organic,12
27,77,53,7.18447842012681,Clay,Green,29,29,6,19,599,555,Organic,11
26,80,54,5.13550447282786,Sandy,Black,46,26,20,13,1313,701,Organic,26
24,77,58,7.059222566877008,Clay,Oolong,30,40,29,15,747,1339,NPK 5-10-5,14
21,78,57,4.842701332000013,Sandy,Black,25,37,17,13,1272,756,NPK 5-10-5,25
30,72,70,6.52051387617893,Clay,Oolong,27,16,13,12,1443,684,Organic,28
20,67,56,5.448464004787006,Sandy,Black,36,17,16,14,1415,864,NPK 5-10-5,28
25,66,64,5.693926242377829,Clay,Green,49,22,19,5,1167,1368,NPK 5-10-5,23
28,60,62,5.767523061693174,Loam,Oolong,42,29,21,14,1072,688,NPK 20-20-10,21
28,60,54,5.0114855125899815,Loam,Black,34,21,9,10,889,721,NPK 5-10-5,17
25,77,62,7.20311749703786,Clay,Green,37,21,25,5,707,525,NPK 5-10-5,14
28,62,62,7.592362014317988,Sandy,Black,36,24,11,16,1158,1118,NPK 20-20-10,23
21,62,61,5.5247691433299435,Loam,Black,37,15,5,6,1422,879,NPK 5-10-5,28
20,64,69,6.972087324604363,Clay,Black,31,17,13,11,1394,668,NPK 5-10-5,27
29,75,57,5.643623432378902,Loam,Oolong,29,39,11,20,831,1182,Organic,16
29,60,69,6.447264607979523,Clay,Green,48,33,17,16,1454,568,NPK 5-10-5,29
24,80,68,4.576837393544645,Clay,Black,45,15,21,16,957,531,Organic,19
29,75,58,7.476298490068418,Clay,Green,34,24,13,6,1026,1323,Organic,20
30,73,67,5.521852294873991,Sandy,Green,41,28,28,16,857,975,NPK 5-10-5,17
22,70,66,6.148265654608518,Clay,Oolong,31,23,27,17,1192,530,NPK 20-20-10,23
24,74,67,6.641628336414084,Loam,Oolong,28,19,25,10,1091,1053,NPK 5-10-5,21
22,73,54,6.093158808827146,Sandy,Oolong,46,23,18,20,702,536,NPK 5-10-5,14
27,71,62,6.038047084603587,Loam,Green,28,35,13,19,729,1339,NPK 20-20-10,14
24,61,69,8.375669208061886,Sandy,Green,42,17,23,13,700,630,Organic,14
24,80,61,8.499257675583381,Clay,Black,50,39,8,17,619,1357,NPK 5-10-5,12
21,73,70,6.54776768205134,Sandy,Black,28,16,12,12,901,702,NPK 20-20-10,18
24,76,56,7.366415919170194,Sandy,Black,39,36,23,11,1154,737,NPK 5-10-5,23
24,77,65,6.8759354438566005,Loam,Green,29,31,14,12,934,988,NPK 20-20-10,18
23,62,61,8.475463176091406,Loam,Oolong,49,20,7,8,984,847,Organic,19
30,71,61,5.170634525672652,Loam,Black,27,31,15,17,704,1269,NPK 20-20-10,14
22,66,66,4.7879535596101075,Clay,Oolong,41,36,8,9,536,526,Organic,10
25,62,70,6.70341191837463,Loam,Green,35,23,17,14,803,1275,Organic,16
26,80,61,7.695589567445635,Loam,Black,49,17,10,16,1118,660,Organic,22
28,68,54,4.66792458525706,Loam,Green,50,23,9,5,749,646,NPK 5-10-5,14
22,66,67,5.859640851868077,Loam,Oolong,49,37,22,5,1445,1456,Organic,28
24,68,56,7.597148047382422,Clay,Green,36,27,17,17,605,679,NPK 5-10-5,12
21,61,55,7.163850621570941,Clay,Oolong,31,31,12,10,1481,1431,NPK 20-20-10,29
29,60,55,6.42303298166361,Clay,Green,44,34,29,8,1360,1465,NPK 5-10-5,27
27,63,50,4.631352819705109,Clay,Black,30,19,29,18,915,840,Organic,18
28,61,58,5.6569837981309155,Clay,Black,36,19,10,6,769,637,Organic,15
25,73,61,6.660377189466743,Clay,Oolong,41,40,12,17,1252,1223,NPK 5-10-5,25
25,70,64,8.443378073765627,Clay,Black,34,15,27,20,812,825,NPK 20-20-10,16
24,67,52,6.104663375989254,Sandy,Green,44,29,11,16,567,939,Organic,11
24,73,61,6.285173059645909,Clay,Oolong,40,40,24,5,1465,607,Organic,29
21,76,50,7.164144043217606,Loam,Oolong,27,23,11,9,1126,615,NPK 5-10-5,22
21,78,57,5.473146581917094,Sandy,Oolong,25,18,22,19,1242,1481,Organic,24
26,71,61,5.891342271019468,Clay,Oolong,33,30,7,16,1313,1274,NPK 5-10-5,26
26,77,57,5.5233420465691285,Clay,Oolong,25,40,20,12,1275,523,NPK 20-20-10,25
28,72,65,7.660774288209586,Loam,Oolong,27,24,29,8,1192,752,NPK 20-20-10,23
20,76,66,8.321397761439258,Clay,Green,29,33,6,11,1319,1366,Organic,26
23,74,53,4.77423029190577,Loam,Green,34,20,6,12,877,1150,Organic,17
23,72,57,8.36988869909572,Loam,Black,47,35,7,20,1258,1143,NPK 20-20-10,25
28,78,66,6.722675474874121,Sandy,Black,30,26,17,12,694,994,NPK 20-20-10,13
28,79,58,7.746025540125489,Sandy,Oolong,45,22,25,9,1108,1090,NPK 20-20-10,22
23,68,55,6.958246755268121,Sandy,Black,35,15,21,14,1112,748,NPK 20-20-10,22
27,72,68,7.1257808034350685,Loam,Green,49,17,6,18,1378,564,NPK 20-20-10,27
21,74,56,5.642587532373565,Clay,Black,26,36,14,8,542,1489,Organic,10
28,65,63,8.452407690467506,Loam,Black,35,15,21,20,1455,1153,NPK 5-10-5,29
30,60,67,8.442576836207351,Sandy,Black,47,20,17,14,1210,618,NPK 5-10-5,24
28,78,63,4.8804445107369405,Sandy,Black,39,30,6,17,858,982,NPK 20-20-10,17
25,65,62,7.2202783037938545,Loam,Black,27,16,26,20,1088,917,NPK 20-20-10,21
20,74,64,8.425128592582789,Loam,Oolong,34,19,23,15,1093,1072,NPK 5-10-5,21
22,64,69,5.901521113065766,Loam,Green,36,35,16,7,882,1123,NPK 20-20-10,17
29,73,63,8.330502379756666,Clay,Black,39,21,24,13,1322,1417,NPK 20-20-10,26
21,66,53,7.271893036437098,Clay,Green,25,21,24,14,1263,1216,NPK 20-20-10,25
20,60,57,4.91925079166427,Loam,Oolong,35,25,7,9,1160,874,NPK 5-10-5,23
25,63,53,4.892455480765767,Clay,Green,50,32,26,19,1363,1279,NPK 20-20-10,27
26,62,51,7.066221111535786,Clay,Black,43,32,26,13,1478,839,NPK 5-10-5,29
30,64,68,5.177979399284387,Clay,Black,31,17,25,20,1376,1211,Organic,27
28,70,50,6.197512779948223,Sandy,Green,33,18,20,10,741,996,NPK 20-20-10,14
22,76,61,6.541894067855518,Loam,Black,29,32,16,11,718,1153,NPK 5-10-5,14
24,79,69,7.31348805974389,Clay,Green,47,34,23,16,879,682,NPK 20-20-10,17
27,72,60,8.388394114363567,Clay,Green,34,25,8,8,1115,1495,NPK 5-10-5,22
22,60,60,6.969396583791257,Sandy,Green,26,35,26,10,715,1216,NPK 20-20-10,14
25,68,51,5.55319001561724,Clay,Black,45,20,18,19,626,1212,NPK 20-20-10,12
21,65,63,4.851674189354074,Clay,Green,33,30,18,20,1087,801,NPK 5-10-5,21
25,70,55,8.413873281076363,Clay,Oolong,50,20,11,18,1403,907,Organic,28
27,71,56,4.748420491293647,Loam,Oolong,45,36,25,10,1111,1060,NPK 20-20-10,22
26,80,64,8.124924114055197,Clay,Oolong,29,21,26,16,1372,790,Organic,27
24,70,70,6.204820881852305,Clay,Black,42,22,25,7,1027,925,NPK 20-20-10,20
29,61,55,7.931154334759958,Loam,Oolong,43,37,27,11,1217,1261,Organic,24
29,64,57,6.002310014007469,Loam,Black,40,17,10,18,1038,1242,NPK 5-10-5,20
22,71,55,7.269043666654344,Sandy,Green,38,28,24,10,795,786,NPK 20-20-10,15
22,66,66,6.457645625627054,Clay,Black,43,29,17,6,1401,525,NPK 5-10-5,28
25,62,52,7.1139863237858805,Sandy,Oolong,36,36,8,14,727,1129,NPK 5-10-5,14
28,67,53,5.402873205633419,Loam,Black,42,33,10,17,815,670,Organic,16
21,68,68,7.683410241762894,Sandy,Black,47,22,11,8,1401,585,NPK 20-20-10,28
22,72,62,6.96047381854774,Loam,Black,45,18,16,5,1310,1015,NPK 5-10-5,26
26,63,59,7.220221467313493,Sandy,Oolong,35,16,26,19,1249,1134,NPK 5-10-5,24
20,62,63,8.151579852126657,Sandy,Oolong,39,31,13,18,1307,892,NPK 20-20-10,26
30,72,64,8.49527439810282,Clay,Black,34,17,5,20,1378,1265,Organic,27
29,65,66,8.02224424438545,Loam,Oolong,49,29,6,16,838,1060,Organic,16
20,72,56,5.441534746736856,Clay,Oolong,44,40,20,15,583,1150,NPK 5-10-5,11
22,67,51,8.478108820320621,Sandy,Oolong,50,38,29,20,810,1387,NPK 20-20-10,16
25,79,55,6.503032107914209,Sandy,Green,45,35,9,10,696,812,NPK 5-10-5,13
30,71,55,7.7368471464857915,Loam,Black,38,29,10,20,809,929,Organic,16
25,77,56,4.849758222758039,Clay,Green,35,24,11,13,1175,1295,NPK 20-20-10,23
21,69,55,7.092834561319937,Clay,Black,27,25,13,8,1104,1204,Organic,22
25,63,66,6.455854374130855,Loam,Oolong,45,27,16,10,527,659,Organic,10
30,69,61,7.041208595700377,Sandy,Black,47,30,11,14,1089,1265,NPK 20-20-10,21
26,66,64,7.342109849418423,Loam,Green,26,19,9,17,670,1200,Organic,13
20,66,55,6.314687155036582,Sandy,Green,31,31,13,15,1227,621,NPK 5-10-5,24
30,60,64,5.659922019041856,Clay,Green,45,18,18,6,799,1250,NPK 5-10-5,15
25,73,65,4.6685616601475335,Clay,Black,48,27,16,6,644,981,NPK 5-10-5,12
30,65,62,5.0256968071698935,Loam,Oolong,29,31,24,20,1385,1005,NPK 5-10-5,27
23,78,68,7.350032799103859,Sandy,Black,33,27,17,20,1232,867,Organic,24
25,68,55,7.922190616320263,Clay,Black,42,37,10,13,1423,1485,Organic,28
22,61,69,6.39763005087306,Loam,Black,34,25,21,15,1223,1393,NPK 5-10-5,24
20,71,58,7.036477177768546,Loam,Oolong,34,16,12,18,1360,1425,NPK 5-10-5,27
20,79,62,6.441145962308248,Loam,Green,44,35,25,9,880,832,NPK 5-10-5,17
22,63,52,7.297301438616451,Loam,Oolong,30,39,30,13,1192,1241,NPK 5-10-5,23
22,67,61,6.542402233305015,Sandy,Black,38,39,26,20,1011,879,Organic,20
25,73,67,7.912512955344248,Sandy,Black,29,28,17,13,1246,963,NPK 20-20-10,24
25,61,60,6.719551927156761,Clay,Green,50,30,14,20,970,1453,Organic,19
21,64,66,7.153902612924444,Sandy,Green,36,34,11,12,871,678,NPK 20-20-10,17
25,67,50,7.68877603770166,Sandy,Oolong,28,36,25,13,1074,1347,NPK 20-20-10,21
29,80,63,5.761781519087259,Clay,Black,50,33,5,19,621,1098,NPK 20-20-10,12
22,70,59,7.468249784998411,Sandy,Black,34,29,25,17,1217,611,Organic,24
27,65,59,7.97503263605719,Sandy,Oolong,47,24,5,10,1302,1065,Organic,26
20,67,63,4.887517505240376,Sandy,Black,49,38,25,15,641,1393,NPK 5-10-5,12
23,68,64,5.313097327580285,Clay,Green,44,31,11,9,1130,1094,NPK 20-20-10,22
22,72,51,7.429266360467164,Clay,Green,28,35,26,20,731,1194,Organic,14
20,62,70,8.149772817565708,Sandy,Black,29,31,11,7,1484,543,Organic,29
26,78,54,6.88652350464783,Loam,Green,31,26,27,19,1039,527,NPK 20-20-10,20
29,66,50,5.415209566333157,Clay,Oolong,26,40,26,20,1300,820,Organic,26
29,61,66,4.928675675731254,Clay,Black,40,36,27,14,521,1300,NPK 20-20-10,10
20,76,68,6.575424882441737,Clay,Black,28,33,29,18,869,1369,Organic,17
26,72,59,6.392926760494484,Clay,Black,43,30,20,6,1409,1391,Organic,28
23,78,65,5.763112432112157,Clay,Oolong,27,32,30,20,1224,612,NPK 5-10-5,24
21,72,57,4.564971011449949,Clay,Green,40,24,23,17,633,1233,NPK 20-20-10,12
24,60,67,7.791784665002787,Sandy,Green,42,23,21,5,1277,626,Organic,25
30,76,54,8.075438265742882,Clay,Oolong,38,21,20,14,1296,1289,NPK 20-20-10,25
21,69,62,5.0415931735988,Clay,Green,36,15,19,12,1320,766,NPK 20-20-10,26
28,80,55,8.482761890839454,Sandy,Black,36,15,17,12,940,805,NPK 20-20-10,18
24,64,53,7.460348592400727,Loam,Oolong,39,20,12,11,582,989,NPK 5-10-5,11
21,72,67,5.1484919992518225,Loam,Black,42,25,19,18,1212,948,Organic,24
23,80,70,6.231968580286723,Loam,Oolong,39,22,20,9,1377,524,NPK 20-20-10,27
23,65,66,7.09978147802838,Clay,Black,45,32,9,15,1305,1326,NPK 20-20-10,26
23,73,54,4.853666240077022,Sandy,Green,40,25,5,6,1380,1096,Organic,27
25,68,64,6.923699437870807,Sandy,Black,30,24,12,17,597,1230,NPK 20-20-10,11
30,80,53,4.935620942711759,Sandy,Oolong,46,20,29,18,600,1012,NPK 20-20-10,12
28,77,65,7.918645352429845,Loam,Green,25,27,19,16,1455,1180,NPK 5-10-5,29
20,69,56,6.078107298831306,Clay,Oolong,41,30,26,11,865,920,NPK 20-20-10,17
30,72,57,8.369822126600651,Clay,Green,25,38,23,11,710,746,NPK 20-20-10,14
23,66,67,7.9623387031263455,Loam,Black,42,30,27,9,867,840,NPK 20-20-10,17
22,80,61,5.980971056993388,Loam,Green,40,39,21,12,1067,886,NPK 5-10-5,21
25,71,67,5.133858030149645,Clay,Oolong,31,37,5,15,1314,705,NPK 20-20-10,26
